ProgramID#,Program_Name,Program Description,Program_Sector,Program_Owner,Program_Output,Program_Outcome,Benefit,Strategic Objectives,Bucket,ID_Program_Name,Program Risk,Program metigation,Program_Dependence
EA-1,برنامج تطوير السياسات والإجراءات المتكاملة,يهدف البرنامج الى تطوير سياسات استراتيجية على مستوى وزارة الحرس الوطني واطر عمل وأدلة للسياسات والإجراءات لمختلف إدارات ووكالات الوزارة بما يشمل إجراءات التشغيل القياسية ومما يضمن رفع الشفافية وتقليل الإزدواجية بين وظائف الوزارة.,الشؤون التنفيذية,الشؤون التنفيذية,"إطار عمل لإدارة الإجراءات والعمليات في الوزارة
 دليل شامل وخطة تطوير الإجراءات في الوزارة وأولوياتها
إطار عمل لتطوير السياسات على مستوى الوزارة
خطة لتطوير السياسات الوظيفية
دليل تشغيلي للسياسات والإجراءات والنماذج الخاصة بالإدارة المالية 
آليات عمل واضحة تسهل تنفيذ أنشطة وإجراءات الإدارة المالية
وثيقة الإجراء التشغيلي الموحد المفصل لكل عملية على مستوى إدارات الوزارة
دليل السياسات والإجراءات لوكالة الشؤون الهندسية والمرافق
قائمة للسياسات المؤسسية 
تطوير سياسات استراتيجية على مستوى الوزارة
دليل السياسات والإجراءات للإدارة العامة للموارد البشرية ","رفع مستوى الشفافية
رفع مستوى الكفاءة التشغيلية في وكالة الشؤون الهندسية ووكالة خدمات الدعم المؤسسي بنسبة (x)*",استدامة واستمرارية أعمال الوزارة بشكل مؤسسي,بناء العمل المؤسسي للوصول إلى كفاءة وفاعلية أعلى ,فعالية العمليات وزيادة الإنتاجية,EA-1_برنامج تطوير السياسات والإجراءات المتكاملة,"بسبب اعتماد كثير من المبادرات على هذا البرنامج, هنالك خطر يتمثل في عدم القدرة على البدء في تنفيذ المبادرات المعتمدة عليه حسب المخطط له مما يؤثر على إنجاز مخرجات خطة التحول بالوقت المحدد والجودة المطلوبة
بسبب أهمية دور أصحاب المصلحة في تنفيذ السياسات والإجراءات هنالك خطر في عدم تبني السياسات والإجراءات المستحدثة مما يؤثر على الإلتزام الكامل في تطبيق دليل السياسات والإجراءات المستحدث
بسبب اختلاف طبيعة قطاعات الوزارة ( المدني، والعسكري، والصحي) هناك خطر يتمثل من عدم شمولية السياسات الاستراتيجية وتكاملها بين القطاعات مما يؤثر على الكفاءة التشغيلية والمواءمة بين القطاعات","العمل على تحديد الاعتماديات المرتبطة بالمخرجات ومتابعة سير الإنجاز والمخرجات حسب المدة الزمنية المخطط لها وموائمة ذلك مع المبادرات ذات العلاقة وضمان تسليم المخرجات في الوقت المحدد
العمل على تضمين أصحاب المصلحة في المراحل الأولى من بناء السياسات والإجراءات وعمل ورش العمل لرفع ارتباط أصحاب المصلحة
العمل على تحديد أولويات القطاعات وعقد ورش عمل واجتماعات مواءمة مع قادة القطاعات لضمان التكامل والتنسيق","EA-2,EA-1"
EA-10,برنامج تحقيق التميز المؤسسي,يهدف البرنامج إلى مراجعة وتكامل تصميم النموذج التشغيلي لإدارات الوزارة من خلال تقييم كفاءة الإجراءات الحالية وتفعيل دور شراكات الأعمال مما يسهم في رفع التنمية المؤسسية وتحسين أداء الوزارة,الشؤون التنفيذية,الشؤون التنفيذية,"تحليل وتقييم جميع إجراءات وزارة الحرس الوطني
تطوير آلية لتقييم كفاءة الإجراءات
قائمة بأولويات الإجراءات المتطلب تحسينها
إجراءات وظيفية محسنة
ببرامج نقل المعرفة
إطار عمل برنامج التحسين المستمر وخطة التنفيذ 
آلية لمتابعة أداء البرنامج
مراجعة النماذج التشغيلية للوزارة
تحديد قائمة بالمخرجات والمنجزات المسلمة
تحديد قائمة بإحتياجات الموارد في الوزارة
تحديث النماذج التشغيلية للوزارة
دليل التنفيذ لشراكات الأعمال لكل مجال وظيفي
السياسات والإجراءات
التوجيه والتدريب اللازم للتفعيل
برامج تجريبية",حصول الوزارة على إعتمادات وشهادات عالمية في التميز المؤسسي,استدامة واستمرارية أعمال الوزارة بشكل مؤسسي,بناء العمل المؤسسي للوصول إلى كفاءة وفاعلية أعلى ,بناء العمل المؤسسي للوصول إلى كفاءة وفاعلية أعلى ,EA-10_برنامج تحقيق التميز المؤسسي,"بسبب كثرة أصحاب المصلحة هناك خطر متمثل في إحتمالية قلة التعاون من أصحاب المصلحة بتقديم الملاحظات والآراء مما قد يؤثر على جودة وكفاءة الإجراءات والمخرجات
بسبب عدم مشاركة ذوي العلاقة في تنفيذ برنامج تحقيق التميز المؤسسي
هناك خطر متمثل في عدم فهم أصحاب المصلحة لوظائف وأهداف البرنامج مما قد يؤثر على إطار العمل وخطة تنفيذ البرنامج
بسبب التداخل بين مهام الإدارات بالوزارة هناك خطر متعلق بالقدرة على تصميم جميع العناصر بطريقة متزامنة مما قد يؤثر على تفعيل النموذج التشغيلي المستهدف بالشكل الصحيح
بسبب تطوير شراكات الاعمال مرحلة تنفيذ المبادرة هناك خطر متمثل بالإخلال في عمل خدمات الدعم المؤسسي خلال الفترة الإنتقالية مما قد يؤثر على ضمان استمرارية الاعمال خلال فترة التحول ","تحفيز أصحاب المصلحة الرئيسيين من خلال تحديد كفاءة الإجراءات كمعيار نجاح للتقييم الشخصي
إشراك الوظائف في وقت مبكر وتحديد مؤشرات الأداء الرئيسة وأهداف محددة للبرنامج
تطوير نموذج تفاعلي بين الإدارات في وزارة الحرس الوطني 
وضع خطة مؤقتة تحدد متطلبات العمليات المستمرة خلال فترة التحول ","EA-1,EA-21"
EA-11,برنامج رفع كفاءة التحليل الاستراتيجي للوزارة والمواءمة مع منظومة الأمن والدفاع,يهدف البرنامج إلى تطوير قدرات التحليل الإستخباراتي الاستراتيجي على مستوى منظومة وزارة الحرس الوطني والمساهمة في الموائمة مع منظومة الأمن والدفاع لتمكين تحديد الأولويات الاستراتيجية مما يحقق زيادة في سرعة الإستجابة للتهديدات الأمنية,الشؤون التنفيذية,الشؤون التنفيذية,"تطوير آليات وإجراءات العمل لتطوير الخطة السنوية للتحليل الاستراتيجي
الدليل التشغيلي لسياسات وإجراءات التحليل الاستراتيجي
تطوير النماذج الخاصة بالتحليل الاستراتيجي
الإطلاق (التجريبي) للخطة السنوية للتحليل الاستراتيجي
-تقدير الموارد المطلوبة لتقديم النتائج المعلوماتية التحليلية
الإنجازات والتقارير الهامة 
إجراءات التشغيل الموحدة 
نماذج وقوالب ووثائق
القدرات التحليلية
قائمة في البيانات التي سيتم مشاركتها ونوعها
آلية وطرق مشاركة البيانات
مذكرات تفاهم مع وزارة الداخلية ووزارة الدفاع وأصحاب المصلحة المعنيين","تفعيل إدارة التحليل الاستراتيجي
مضاعفة المعلومات الإستخباراتية للحرس بثلاث مرات
زيادة المقدرة على جمع المعلومات الإستخباراتية بخمس أضعاف","زيادة سرعة الاستجابة للتهديدات الأمنية من خلال إطلاع القيادة على المعلومات التحليلية في الوقت المناسب
تعزيز الاستجابة المشتركة للمنظومة",بناء العمل المؤسسي للوصول إلى كفاءة وفاعلية أعلى ,فاعلية اتخاذ القرار,EA-11_برنامج رفع كفاءة التحليل الاستراتيجي للوزارة والمواءمة مع منظومة الأمن والدفاع,"بسبب عدم وضوح المخرجات والأدوار والوظائف المطلوبة في إعداد التقارير التحليلية هناك خطر أنه قد لا يتم تعيين الموظفين في الوقت المحدد مما قد يؤثر على تسليم النتائج وفقاً للخطة السنوية
بسبب عدم وجود وحدة لمتابعة وتدقيق تقارير التحليل الاستراتيجي هناك خطر في عدم توافق المنتج والتقارير المفاجئة بدون تخطيط لمتطلبات سمو الوزير مما قد يؤثر على إطلاع الوزير بالتهديدات الأمنية الراهنة وتمكين آلية إتخاذ القرار
بسبب تفعيل أدوات تحليلية وإحصائية جديدة هناك خطر متمثل في عدم توفر التدريب المناسب لتمكين استخدام أدوات التحليل الإستباقي مما قد يؤثر على تطوير التقارير والنتائج لسمو الوزير 
بسبب تعدد وإختلاف طبيعة الأعمال لدى منظومة الدفاع والامن هناك خطر متمثل في عدم المواءمة بين متطلبات وزارة الحرس الوطني والمتطلبات المذكورة في مذكرة التفاهم مما قد يؤثر على جودة المخرجات من هذا البرنامج","التواصل مع الجهات المعنية لمنظومة الدفاع والأمن لتحديد وجمع المعلومات الاستخباراتية اللازمة لإعداد التقارير
مواءمة التقارير مع متطلبات سمو الوزير ووجود وحدة لمتابعة التدقيق على التقارير
الحرص على تعيين المدربين المختصين بالأدوات التحليلية
إشراك أصحاب المصلحة الرئيسيين بما في ذلك استشاريين خارجيين لصياغة مذكرات تفاهم قوية تركز على متطلبات وزارة الحرس الوطني وإمتثالها قانونيا","EA-11,EA-1"
EA-12,برنامج تطوير البنية التحتية لمراكز البيانات والتطبيقات,يهدف البرنامج إلى تحليل وتحديث وتطوير البنية التحتية لمراكز البيانات والتطبيقات وإدارتها مركزياً على مستوى وزارة الحرس الوطني مما يحقق تخفيض الإنفاق وزيادة الكفاءة الوظيفية لأنشطة الوزارة.,الشؤون التنفيذية,الشؤون التنفيذية,"تنفيذ منصة تخطيط موارد المؤسسات متكاملة وموحدة
دراسة جدوى لتحليل وتحديد موقع المركز
إنشاء مركز التعافي ونقل التطبيقات
تطوير بنية مؤسسية لوزارة الحرس الوطني على الخمس مستويات
تنفيذ عملية الدمج والتحديث بعد الموائمة مع الجهات ذات العلاقة
منهجية التحول نحو البنية التحتية كخدمة laaS",رفع كفاءة أصول تقنية المعلومات والبنية التحتية بنسبة (x)*,"تخفيض يصل إلى 1.6 مليار ريال سعودي في الإنفاق على تقنية المعلومات والاتصالات وما يصل إلى 3 مليارات ريال سعودي في الوفورات غير المباشرة
زيادة الكفاءة بنسبة (X)* لمختلف الأنشطة الوظيفية الرئيسية في الوزارة",بناء العمل المؤسسي للوصول إلى كفاءة وفاعلية أعلى ,فعالية العمليات وزيادة الإنتاجية,EA-12_برنامج تطوير البنية التحتية لمراكز البيانات والتطبيقات,"بسبب عدم كفاءة التدريب للموظفين على الأدوات أو الإجراءات الجديدة في السياسات أو الاستراتيجيات المستحدثة هنالك خطر يتمثل في كثرة التعثرات التشغيلية مما يسبب مشاكل تقنية وضعف في جودة النتائج 
بسبب عدم دراسة متطلبات دمج الأنظمة والبنية التحتية هناك خطر متعلق بحدوث مشاكل وإنقطاعات الخدمة مما يؤثر على خدمات الوزارة التقنية
بسبب تصنيف الأصول بشكل غير مناسب هناك خطر متعلق بعدم إمكانية إستضافة الخدمات على البنية التحتية كخدمة Iaas مما يؤثر على خطط الوزارة حيال تبني خدمات IaaS","التدريب الشامل للموظفين والتنفيذ المرحلي.
دراسة الانظمة بشكل كامل ومعرفة الانظمة القابلة للتكامل (INTEGREATION)  وتحليل وتقييم الوضع الحالي بشكل أكبر من خلال زيارة المراكز وتوثيق البيانات
التأكد من أن التصنيف متوافق تمامًا مع إرشادات مكتب إدارة البيانات الوطني ومكتب إدارة البيانات بوزارة الحرس الوطني","EA-19,EA-14,EA-18,EA-17"
EA-13,برنامج التحول الرقمي,يهدف البرنامج إلى تعزيز التحول الرقمي في وزارة الحرس الوطني من خلال أتمتة عمليات وإجراءات الوزارة وبتبني التقنيات التي تساهم في نجاح عمليات الأتمتة مما يحقق تخفيض الإنفاق وزيادة الكفاءة الوظيفية لأنشطة الوزارة.,الشؤون التنفيذية,الشؤون التنفيذية,"بناء الدليل النشط “Active Directory"" الجديد ودمج كيانات وزارة الحرس الوطني
نقل الخدمات والتطبيقات التجريبية والإضافية إلى سحابة SaaS
 أتمتة جميع عمليات وزارة الحرس الوطني
تطوير منصة موحدة لجميع عمليات وزارة الحرس الوطني
إنشاء منصه للتعليم الإلكتروني
تحويل المناهج التقليدية إلى إلكترونية","رفع الكفاءة التشغيلية للبنية التحتية التقنية من خلال ترشيد أكثر من 150 أداة متناثرة ومكررة
زيادة الكفاءة بنسبة 34٪ في الأنشطة الإدارية ","تخفيض يصل إلى 1.6 مليار ريال سعودي في الإنفاق على تقنية المعلومات والاتصالات وما يصل إلى 3 مليارات ريال سعودي في الوفورات غير المباشرة
زيادة الكفاءة بنسبة (X)* لمختلف الأنشطة الوظيفية الرئيسية في الوزارة",بناء العمل المؤسسي للوصول إلى كفاءة وفاعلية أعلى ,"فعالية العمليات وزيادة الإنتاجية
رفع كفاءة الإنفاق",EA-13_برنامج التحول الرقمي,"بسبب تصنيف الأنظمة والبرامج بشكل غير مناسب هناك خطر متعلق بفشل تبني تقنية البرمجيات كخدمة (SaaS)  مما يؤثر على فاعلية تطبيقات الوزارة
بسبب عملية نقل إستضافة التطبيقات إلى SaaS هناك خطر متعلق بإنقطاع الخدمة وتأثر العمل اليومي  مما يؤثر على خدمات الوزارة التقنية
بسبب إختيار منصة جمع التطبيقات الخطأ هناك خطر متعلق بعدم إمكانية جمع التطبيقات في منصة واحدة مما يؤثر على تحول الوزارة نحو التحول الرقمي 
بسبب إختيار المنصة التعليمية الخطأ هنالك خطر متعلق بضعف جودة المنصة التعليمية مما يؤدي الى ضعف العملية التعليمية","التأكد من أن التصنيف وفق معايير واضحة ومتوافق تمامًا مع إرشادات مكتب إدارة البيانات الوطني ومكتب إدارة البيانات بوزارة الحرس الوطني
وضع خطة تحول واضحة وقابلة للتنفيذ وتحديد اعتمادية التطبيقات على بعض و مدى تأثيرها على  العمل اليومي و معرفة أوقات التحديث 
الحرص على إختيار المنصة الأمثل للأتمتة
الحرص على اختيار المنصة الامثل والمتابعة والتحسين المستمر لجودة خدمات المنصة ","EA-1,EA-13,EA-14,EA-12,EA-19"
EA-14,برنامج رفع كفاءة الخدمات الرقمية والتقنية,يهدف البرنامج إلى تفعيل وكالة الخدمات الرقمية والتقنية وتنظيم وحوكمة الإتصالات وتقنية المعلومات في وزارة الحرس الوطني مما يحقق تخفيض الإنفاق وزيادة الكفاءة الوظيفية لأنشطة الوزارة.,الشؤون التنفيذية,الشؤون التنفيذية,"إنشاء إطار عمل إدارة البائعين وتحديث عمليات الشراء بناءً عليه
تفعيل الإدارات الرئيسة لوكالة الخدمات الرقمية والتقنية
تفعيل الإجراءات والسياسات داخل الإدارات بشكل كامل
تفعيل حوكمة اللجان
تفعيل كامل لحوكمة الإتصالات وتقنية
تفصيل وتطوير نموذج تقديم خدمات الإتصالات وتقنية المعلومات 
تفعيل جميع خدمات الإتصالات وتقنية المعلومات على مستوى وحدة التنفيذ
تحديد ومواءمة خدمات الإتصالات وتقنية المعلومات عبر وحدات الإتصالات وتقنية المعلومات
إتفاقيات مستوى الخدمة المحددة
إطلاق الخدمات على بوابة خدمات الإتصالات وتقنية المعلومات
تنفيذ لوحات المعلومات لقياس الرضا عن الخدمة والإلتزام بإتفاقية مستوى الخدمة
تطوير وتوثيق استراتيجية الإبتكار الرقمي على مستوى وزارة الحرس الوطني
تفعيل خدمات ذكاء الأعمال على مستوى وزارة الحرس الوطني
تحديد مواضيع ومجالات وأصحاب المصلحة المحليين والدوليين 
إعداد وتفصيل إطارات عمل التعاون والشراكات ودراسة آلية التواصل مع أصحاب المصلحة 
تحديث السياسات والأطر الحالية
إنشاء سياسات وأطر عمل جديدة",تفعيل الخدمات الرقمية والتقنية بنسبة (x)*,"تخفيض يصل إلى 1.6 مليار ريال سعودي في الإنفاق على تقنية المعلومات والاتصالات وما يصل إلى 3 مليارات ريال سعودي في الوفورات غير المباشرة
زيادة الكفاءة بنسبة (X)* لمختلف الأنشطة الوظيفية الرئيسية في الوزارة",بناء العمل المؤسسي للوصول إلى كفاءة وفاعلية أعلى ,"فعالية العمليات وزيادة الإنتاجية
رفع كفاءة الإنفاق",EA-14_برنامج رفع كفاءة الخدمات الرقمية والتقنية,"بسبب نقص الموظفين المهرة بفريق العمل في قسم الخدمات الرقمية والتقنية هناك خطر متعلق بعدم تفعيل وكالة الخدمات الرقمية والتقنية بشكل فعال مما يؤثر على بقية المبادرات المتعلقة بتفعيل الادارة
بسبب عدم مشاركة أصحاب العلاقة هنالك خطر متعلق بعدم تفعيل لجان الحوكمة والإدرات والخدمات بالشكل الأمثل مما يؤثر على جميع المبادرات المتعلقة بمشاركة أصحاب المصلحة
بسبب التغييرات بهياكل وصلاحيات وأدوار تقنية المعلومات هناك خطر متعلق بمقاومة التغيير من الجهات مما يؤدي إلى فشل تنفيذ المبادرات","تنفيذ خطة توظيف للمواهب بمجال الرقمية (المذكورة في المبادرة 4.2)
تعزيز دور ادارة التغيير في رفع الوعي لدى اصحاب المصلحة 
تعزيز دور ادارة التغيير في رفع الوعي لدى اصحاب المصلحة ","EA-14,EA-18,EA-15"
EA-15,برنامج رفع كفاءة إدارة وحوكمة البيانات,يهدف البرنامج إلى وضع المعايير والمبادئ التوجيهية والإجراءات الخاصة بحوكمة البيانات على مستوى وزارة الحرس الوطني وتوفير التقنيات والبنية التحتية اللازمة لذلك مما يحقق تخفيض الإنفاق وزيادة الكفاءة الوظيفية لأنشطة الوزارة.,الشؤون التنفيذية,الشؤون التنفيذية,"تعريف وتحديد فئات البيانات على مستوى الوزارة
منصة موحدة ومتكاملة تجمع البيانات
تصميم للبنية التحتية لإدارة البيانات وتحديد المتطلبات التقنية لها
معايير ومبادئ وإجراءات تشغيلية لإدارة البيانات",رفع سهولة الوصول للمعلومات من خلال بيانات مصنفة ومحوكمة ومركزية بنسبة (x)*,"تخفيض يصل إلى 1.6 مليار ريال سعودي في الإنفاق على تقنية المعلومات والاتصالات وما يصل إلى 3 مليارات ريال سعودي في الوفورات غير المباشرة
زيادة الكفاءة بنسبة (X)* لمختلف الأنشطة الوظيفية الرئيسية في الوزارة",بناء العمل المؤسسي للوصول إلى كفاءة وفاعلية أعلى ,"فعالية العمليات وزيادة الإنتاجية
رفع كفاءة الإنفاق",EA-15_برنامج رفع كفاءة إدارة وحوكمة البيانات,بسبب عدم مشاركة أصحاب المصلحة الرئيسيين هناك خطر متعلق بعدم نجاح تعريف النموذج الموحد للبيانات مما يؤثر على كافة المبادرات والبرامج  المتعلقة بنموذج البيانات الموحد,تعزيز دور ادارة التغيير في رفع الوعي لدى اصحاب المصلحة ,"EA-1,EA-15,EA-14"
EA-16,برنامج تطوير قدرات الاتصالات العسكرية,يهدف البرنامج إلى فهم وتقييم وتحديث أنظمة الإتصالات وتقنية المعلومات العسكرية في وزارة الحرس الوطني مما يساهم في زيادة سرعة الإستجابة للتهديدات الأمنية من خلال إطلاع القيادة على المعلومات التحليلية في الوقت المناسب.,الشؤون التنفيذية,الشؤون التنفيذية,"جرد وتحليل مفصل لقدرات الإتصالات وتقنية المعلومات العسكرية
تحديد مستويات التطوير والتحديث المطلوبة للقدرات 
موائمة القدرات التقنية العسكرية مع البنية المؤسسية للوزارة 
بناء المنصة الموحدة للأنظمة التقنية العسكرية للوزارة (تشمل جميع الأنظمة التقنية العسكرية)",تحسين كفاءة الأنظمة وتقنية المعلومات العسكرية بنسبة (x)*,زيادة سرعة الاستجابة للتهديدات الأمنية من خلال إطلاع القيادة على المعلومات التحليلية في الوقت المناسب,بناء العمل المؤسسي للوصول إلى كفاءة وفاعلية أعلى ,رفع مستوى الجاهزية العسكرية,EA-16_برنامج تطوير قدرات الاتصالات العسكرية,"بسبب حجم وتنوع القطاع العسكري هنالك خطر يتمثل بعدم تغطية كافة مجالات القدرات العسكرية وذلك لتحليلها مما يؤثر على تحقيق أهداف البرنامج المتعلقة بدراسة الوضع الراهن
بسبب عدم مشاركة أصحاب العلاقة هنالك خطر متعلق بعدم الحصول على المتطلبات التقنية بشكل كامل مما يؤثر على تحقيق أهداف البرنامج المتعلقة ","انشاء خطة تفصيلية وممنهجة لضمان تغطية كافة مجالات القدرات
تعزيز دور ادارة التغيير في رفع الوعي لدى اصحاب المصلحة ",EA-17
EA-17,برنامج تطوير وإدارة الأصول السيبرانية,يهدف البرنامج إلى ادارة ورفع كفاءة الأصول التقنية الحساسة والغير حساسة والمتعلقة بالأمن السيبراني في وزارة الحرس الوطني من خلال تطوير إطار عمل شامل لإدارة الأصول مما يساهم في حماية بيانات الوزارة والوقاية من الهجمات السيبرانية.,الشؤون التنفيذية,الشؤون التنفيذية,"جرد وتقييم الأصول الحساسة
تقييم مخاطر الأصول الحساسة
خطط المعالجة والتحسين لمخاطر 
تحديد الأصول وتنصيف مستوى حالة المخاطر 
تحديد الثغرات الأمن السبراني 
وضع خطة الإصلاح للإتراقات
تنفيذ خطة إصلاح للإختراقات 
تحديد منتجات الأمن السيبراني
تطوير معايير الترشيد 
مراجعة تفاصيل أصول الأمن السيبراني
تحديد المنتجات المستهدفة للترشيد ووضع الخطط والتنفيذ
تحديد الأصول الغير حساسة وتصنيف مستوى حالة المخاطر 
تحديد الثغرات الأمن السبراني 
وضع خطة الإصلاح للإختراقات 
تنفيذ خطة الإصلاح للإختراقات  
حماية أصول تقنية المعلومات الغير حساسة 
حصر خدمات الأمن السيبراني وتطوير الأطر الأساسية لخدمات الأمن السيبراني 
تحديد الأصول الغير الحساسة وتصنيف مستوى حالة المخاطر 
تحديد الثغرات الأمن السبراني 
وضع خطة الإصلاح للإختراقات
تنفيذ خطة الإصلاح للإختراقات
دليل حصر وتقييم الأصول
حصر الأصول وبناء قاعدة بيانات",رفع مستوى الإلتزام مع منظومة الأمن السيبراني بنسبة (X)*,حماية بيانات الوزارة والوقاية من الهجمات السيبرانية من خلال توفير منظومة أمن سيبراني صلبة ,بناء العمل المؤسسي للوصول إلى كفاءة وفاعلية أعلى ,فعالية العمليات وزيادة الإنتاجية,EA-17_برنامج تطوير وإدارة الأصول السيبرانية,"بسبب عدم مشاركة أصحاب المصلحة في جمع بيانات الاصول هنالك خطر يتمثل بعدم حصر وجرد كافة الاصول مما يؤثر على جودة وكفاءة الاصول السيبرانية
بسبب حجم وتعدد وصعوبة الوصول لبعض مواقع تواجد الاصول هناك خطر يتمثل بتأخر المشروع عن الوقت المخطط له مما يؤثر على تحقيق اهداف المشروع بالوقت المحدد","التأكد من وجود خطة تواصل ونقطة اتصال مخصصة من كل وظيفة عمل والتأكد من المشاركة المستمرة
التأكد من وجود خطة شاملة معدة مسبقاً للجرد تضمن الأخذ بالحسبان محيط المواقع الجغرافية وصعوبة الوصول الى بعض المواقع","EA-18,EA-14,EA-17"
EA-18,برنامج التميز في تقديم خدمات الأمن السيبراني,يهدف البرنامج إلى المواءمة السيبرانية مع التوجة الاستراتيجي للأمن السيبراني لوزارة الحرس الوطني ورفع كفاءة الخدمات السيبرانية المقدمة مما يساهم في حماية بيانات الوزارة والوقاية من الهجمات السيبرانية.,الشؤون التنفيذية,الشؤون التنفيذية,"مواءمة خطط الأمن السيبراني داخل الوزارة مع الخطة العامة للأمن السيبراني وأي تشريعات حكومية
دليل خدمات الأمن السيبراني على مستوى وزارة الحرس الوطني
معايير لتقييم شراكات وزارة الحرس الوطني التقنية
إعداد مذكرات تفاهم
قائمة بالشركاء التقنين المستقبليين
مراجعة السياسات وتحديثها ووضع سياسات جديدة توائم استراتيجية الأمن السيبراني",رفع جودة خدمات الأمن السيبراني بنسبة (X)*,حماية بيانات الوزارة والوقاية من الهجمات السيبرانية من خلال توفير منظومة أمن سيبراني صلبة ,بناء العمل المؤسسي للوصول إلى كفاءة وفاعلية أعلى ,فعالية العمليات وزيادة الإنتاجية,EA-18_برنامج التميز في تقديم خدمات الأمن السيبراني,"بسبب تحديث وتفعيل استراتيجية وهيكل الأمن السيبراني هنالك خطر يتمثل بعدم مشاركة الإدارات بشكل فعال أثناء تحديث الاستراتيجية مما يؤثر على تحقيق المستهدفات الاستراتيجية للأمن السيبراني
بسبب عدم المواءمة بالشكل الكافي مع تشريعات هيئة الأمن السيبراني هنالك خطر يتمثل بتطوير سياسات للأمن السيبراني غير صالحة مما يؤثر على نسبة الإلتزام مع منظومة الأمن السيبراني
بسبب عدم التنسيق مع الإدارات لتخصيص موارد بشرية للتحديث على الاستراتيجيات والسياسات هنالك خطر يتمثل بفشل التحديثات السيبرانية الشاملة مما يؤثر على عدم مواءمة جهات الأمن السيبراني في الوزارة مع التوجه الاستراتيجي","تعزيز دور ادارة التغيير في رفع الوعي لدى اصحاب المصلحة 
وضع اطار عمل قبل البدء بتحديث الاستراتيجية يضمن المواءمة مع الجهات الحكومية ذات العلاقة
ضمان التنسيق مع الادارات ذات العلاقة قبل بدء العمل على التحديثات وتحديد موارد بشرية مخصصة للعمل مع فريق عمل التحديث",EA-14
EA-19,برنامج رفع كفاءة الوقاية من الحوادث السيبرانية والاستجابة لها,يهدف البرنامج إلى توفير منظومة أمن سيراني تقنية عالية الأمان لوزارة الحرس الوطني من خلال توحيد وتطوير التقنيات والإجراءات السيبرانية المتناثرة على مستوى الوزارة مما يساهم في حماية بيانات الوزارة والوقاية من الهجمات السيبرانية.,الشؤون التنفيذية,الشؤون التنفيذية,"نماذج ومنهجية عملية تدقيق إمتثال الأمن السيبراني
إطار إدارة مخاطر الأمن السيبراني وسجل المخاطر (بما يشمل أي نماذج ووثائق أخرى)
خطة موحدة للإستجابة للحوادث من قبل مركز العمليات الأمنية لجميع الحوادث
خطط التعافي من الكوارث للأصول الهامة
متطلبات الأمن السيبراني لإستمرارية الأعمال
مركز عمليات موحد بمراقبة جميع شبكات وزارة الحرس الوطني 
هندسة البنية الأمنية
هياكل الأمان المحدثة
خطط لمعالجة التحديات
توفير مواد التوعية السيبرانية لتلبية متطلبات برامج التوعية",رفع مستوى الحماية لمعلومات الوزارة  بنسبة (X)*,حماية بيانات الوزارة والوقاية من الهجمات السيبرانية من خلال توفير منظومة أمن سيبراني صلبة ,بناء العمل المؤسسي للوصول إلى كفاءة وفاعلية أعلى ,فعالية العمليات وزيادة الإنتاجية,EA-19_برنامج رفع كفاءة الوقاية من الحوادث السيبرانية والاستجابة لها,"بسبب عدم إختبار خطط الإستجابة للحوادث السيبرانية مسبقاُ هنالك خطر يتمثل بعدم كفاءة الخطط بعد حدوث الإختراق مما يؤثر على حماية البيانات والأصول السيبرانية للوزارة
بسبب قلة توافر المواهب المطلوبة بعد إكتمال عمليات الدمج هنالك خطر يتمثل بعدم تفعيل كافة العمليات السيبرانية مما يؤثر على حماية البيانات والأصول السيبرانية للوزارة","يجب وضع خطط الاستجابة موضع التنفيذ بانتظام قبل وقوع حادث حقيقي ، وممارسة خطة الاستجابة للحوادث سيحسن وقت الاستجابة 
برامج تدريبية لرفع كفاءة الموظفين إلى الوضع المستهدف في النموذج التشغيلي ","EA-18,EA-12,EA-17"
EA-2,برنامج تعزيز الجاهزية للتحول,يهدف البرنامج إلى مراجعة وتفصيل النموذج التشغيلي لوظائف وزارة الحرس الوطني وتطوير أنظمة ولوائح تمكن الإنتقال السلس والفعال وإدارة تحول الوزارة بشكل فعال,الشؤون التنفيذية,الشؤون التنفيذية,"نموذج تشغيلي متكامل العناصر
دليل شامل مرجعي لإدارة مرحلة التحول يحتوي على الحوكمة واللوائح والأنظمة اللازمة للأنشطة الإنتقالية",رفع جاهزية الوزارة للإنتقال للنموذج التشغيلي المستهدف,استدامة واستمرارية أعمال الوزارة بشكل مؤسسي,بناء العمل المؤسسي للوصول إلى كفاءة وفاعلية أعلى ,مواءمة الاستراتيجية والتنفيذ,EA-2_برنامج تعزيز الجاهزية للتحول,"بسبب كثرة وتعدد السياسات والأنظمة واللوائح هناك خطر متمثل بالتأخر في إعتماد السياسات والأنظمة واللوائح الخاصة في مرحلة التحول مما قد يؤثر على الجدول الزمني للمشروع
بسبب تداخل الأعمال بين الإدارات هناك خطر متعلق بإزدواجية المخرجات في وزارة الحرس الوطني مما قد يؤثر على وضوح وجودة العمليات والمخرجات
بسبب قلة المعرفة لدى منسوبي الوزارة بالنموذج التفاعلي هناك خطر في عدم وضوح النموذج التفاعلي كدليل لمنسوبي وزارة الحرس الوطني مما قد يؤثر على استخدام المنسوبين للدليل","المشاركة المبكرة للشؤون القانونية لضمان صياغة الأنظمة واللوائح
التأكد من أن جميع عمليات المخرجات واضحة ومحددة للحد من الازدواجية
إجراء عمليات نقل المعرفة بخصوص كيفية الإستفادة من النموذج التفاعلي",EA-1
EA-3,برنامج دراسة وتطوير البنية التحتية للشؤون التنفيذية,يهدف البرنامج الى تطوير وتحسين قدرات أصول البنية التحتية من خلال حصر وتطوير سجل لأصول وزارة الحرس الوطني وإنشاء المباني الإدارية والتعليمية والتدريبية في الوزارة والاشراف على تنفيذ المشاريع الإنشائية مما يحقق رفع كفاءة أصول الوزارة,الشؤون التنفيذية,الشؤون التنفيذية,"إطار عمل إدارة الأصول والمحافظ 
تفعيل أدوات إدارة الأصول
سجل لأصول البنية التحتية في الوزارة
تقرير تقييم الأصول و معدل إستخدام الأصول 
قائمة شاملة لمتطلبات المباني المتقادمة التي بحاجة إلى ترميم
عمل مقارنة الإحتياج المحدد مع المتطلبات
تطوير خطة ترميم للمباني المتقادمة
تطوير مخططات إنشائية للمباني الجديدة 
تطوير كراسات للطرح والمنافسة
طرح الكراسات للمنافسة
ترميم المباني الإدارية ومباني تقنية المعلومات
إطار عمل لترتيب أولويات المرافق  
خطة الإستثمار حسب الأولويات والإطلاق التجريبي
آليات وإجراءات العمل لتطوير الخطة السنوية للشؤون الهندسية والمرافق
دليل تشغيلي للسياسات والإجراءات للشؤون الهندسية والمرافق
الإطلاق التجريبي لخطة الشؤون الهندسية والمرافق
طرح الكراسات للمنافسة
إنشاء المباني حسب المخططات","رفع القدرة الإستيعابية للمباني الإدارية والتعليمية والتدريبية ومباني تقنية المعلومات لإستيعاب الوظائف الحالية والمستحدثة في النموذج التشغيلي المستهدف بنسبة()*
30٪ مساحات خضراء في مجمعات الوزارة",رفع كفاءة استخدام أصول وزارة الحرس الوطني بنسبة (X)*,بناء العمل المؤسسي للوصول إلى كفاءة وفاعلية أعلى ,فعالية العمليات وزيادة الإنتاجية,EA-3_برنامج دراسة وتطوير البنية التحتية للشؤون التنفيذية,"بسبب عدم وجود أمثلة معيارية ملائمة لطبيعة عمل الوزارة هنالك خطر متمثل في معرفة أفضل الممارسات وتحديد الفجوات لتصنيف الأصول مما يؤدي إلى ضعف مخرجات البرنامج
بسبب وجود عدد من المبادرات تعنى بتحسين وترميم البنى التحتية، هناك خطر يتمثل في عدم توفر مرافق بديله خلال فترة الترميم، مما يؤثر على تقديم الخدمة خلال هذه الفترة وجودتها","العمل على امثله معياريه ملائمة لطبيعة عمل الوزارة لمعرفه أفضل الممارسات وتحديد الفجوات 
البحث المبكر عن بدائل لتقديم الخدمات بشكل مؤقت، والنظر في إمكانية توفير مبلغ إضافي يستخدم عند عدم توفر البدائل المناسبة","EA-3,EA-TBD"
EA-4,برنامج تطوير المشتريات والتسليح,يهدف البرنامج إلى تفعيل وكالة المشتريات والتسليح وإدارة المشتريات العامة بأقسامها الفرعية من خلال تطوير السياسات والإجراءات وتقديم الدعم بإعداد مواد تدريبية من خلال الإستعانة بالخبراء,الشؤون التنفيذية,الشؤون التنفيذية,"السياسات والإجراءات بإدارات وكالة المشتريات والتسليح: إسناد المشتريات والتسليح ،تخطيط المشتريات والتسليح، برامج المشتريات والتسليح
السياسات والإجراءات بالأقسام الفرعية لإدارة المشتريات العامة: عمليات المشتريات محفظة مشتريات القدرات، تخطيط وسياسات المشتريات
استراتيجية لإدارة عقود وزارة الحرس الوطني وسياسات مصاحبة
مواد تدريبية لموظفين وكالة المشتريات والتسليح وتكامل القوات والقدرات وإدارة المشتريات العامة
وثائق ونماذج وقوالب لموظفين وكالة المشتريات والتسليح وتكامل القوات والقدرات وإدارة المشتريات العامة","ضمان تفعيل وكالة المشتريات والتسليح
عقد شراكات إستحواذ محلية رسمية مع الشركاء في المنظومة 
رفع قدرة التركيز على المستهدفات والأولويات الاستراتيجية من خلال خفض الإرتباطات الإدارية",رفع كفاءة استخدام أصول وزارة الحرس الوطني بنسبة (X)*,بناء العمل المؤسسي للوصول إلى كفاءة وفاعلية أعلى ,رفع كفاءة الإنفاق,EA-4_برنامج تطوير المشتريات والتسليح,"بسبب الإعتماديات بين المبادرات, هنالك خطر يتمثل في عدم القدرة على البدء في تنفيذ المبادرات حسب المخطط له مما يؤثر على إنجاز مخرجات البرنامج بالوقت المحدد والجودة المطلوبة.
بسبب تفعيل وكالة جديدة  ذات طبيعة خاصة هناك خطر يتمثل بتوظيف قوى عاملة لا تمتلك المؤهلات المناسبة  لإدارة الوكالة مما يؤثر على القدرة التشغيلية للوكالة.
بسبب طبيعة البرنامج الخاصة وإرتباطها بالتوجيهات الوطنية والأمنية هناك خطر يتمثل بتغير التوجهات السياسية على مستوى الدولة بما يخص المشتريات والتسليح مما يؤثر على القدرة بالتحكم وضمان إستمرارية الإتفاقيات والعقود الخاصة بالمشتريات العسكرية 
بسبب إختلاف طبيعة الوكالة هناك خطر يتمثل بعدم شمولية السياسات الاستراتيجية وتكاملها بين القطاعات مما يؤثر على  الكفاءة التشغيلية والمواءمة بين القطاعات","العمل على تحديد الاعتماديات المرتبطة بالمخرجات ومتابعة سير الإنجاز والمخرجات حسب المدة الزمنية المخطط لها ومواءمة ذلك مع المبادرات ذات العلاقة وضمان تسليم المخرجات في الوقت المحدد
العمل على وضع معايير لاختيار القادة للوكالة وإدارتها حسب احتياج الوكالة وأفضل الممارسات 
العمل على مواكبة المستجدات للتوجهات الوطنية والأمنية في القطاع ومواءمتها مع الخطط والإجراءات والسياسات الخاصة بالوكالة  
العمل على حصر البدائل للاسلحة المتاحه في السوق وتجهيز العقود لحالات الطوارئ.","EA-4,EA-24"
EA-5,برنامج رفع كفاءة إدارة المحافظ والمشاريع,يهدف البرنامج إلى تفصيل النموذج التشغيلي لمكتب إدارة المشاريع المؤسسي ومكاتبه الفرعية وتفعيل جميع أبعاد النموذج التشغيلي ويتضمن سياسات والإجراءات مما يضمن رفع كفاءة المشاريع ومواءمتها مع التوجهات الاستراتيجية ,الشؤون التنفيذية,الشؤون التنفيذية,"تفعيل النموذج التشغيلي لمكتب إدارة المشاريع المؤسسي وأحد مكاتب إدارة المشاريع الفرعية وتفعيل أدوراهم 
تفصيل النموذج التشغيلي لمكاتب إدارة المشاريع الفرعية على مستوى الوزارة وتفعيلها","ضمان تفعيل إدارة المشاريع في الوزارة
رفع قدرة التركيز على المستهدفات والأولويات الاستراتيجية من خلال خفض الإرتباطات الإدارية","رفع كفاءة ادارة مشاريع الوزارة بنسبة (X)*
رفع مستوى مواءمة المشاريع مع التوجه الاستراتيجي بنسبة (X)*",بناء العمل المؤسسي للوصول إلى كفاءة وفاعلية أعلى ,رفع كفاءة الإنفاق,EA-5_برنامج رفع كفاءة إدارة المحافظ والمشاريع,"بسبب إعتماد البرنامج على تعيين منسوبي مكاتب إدارة المشاريع الفرعية هناك خطر بعدم إستقطاب القيادات والكفاءات الملائمة لدور إدارة المراجعة الداخلية مما يؤثر على تبني السلوكيات والثقافة المستهدفة وإنخفاض مستوى أنشطة التأكيد والرقابة المرتبطة بالمستهدفات الإستراتيجية.
بسبب تفعيل دور إدارة المشاريع هناك خطر مقاومة التغير ورفض الرقابة من أصحاب المصلحة مما  قد يؤثر على الخط الزمني لتفعيل مكتب إدارة المشاريع","العمل على تحديد الاحتياج الفعلي والكفاءات المطلوبة لإدارة المحافظ والمشاريع وتوفير فرص وظيفية متوائمه مع الاحتياج والخبرات المطلوبة
 العمل على تضمين أصحاب المصلحة في المراحل الأولى من تنفيذ المبادرات الخاصة بالبرنامج وعمل ورش العمل لرفع ارتباط أصحاب المصلحة وتهيئتهم للعمل",EA-5
EA-6,برنامج رفع كفاءة التخطيط المالي,يهدف البرنامج إلى المساهمة في تقدير النفقات المالية المستقبلية على المدى الطويل من خلال رفع قدرات تخطيط الميزانية والتخطيط الوظيفي مما يحقق رفع الكفاءة المالية في وزارة الحرس الوطني.,الشؤون التنفيذية,الشؤون التنفيذية,"تقرير عن التقديرات المالية لوزارة الحرس الوطني على المدى الطويل
تقرير عن كيفية الإستفادة من فائض ميزانية وزارة الحرس الوطني
إجراءات تفصيل دورة الميزانية للإدارات المختلفة
نماذج وإرشادات وضع الميزانية لإدارة الميزانية
الخطة التفصيلية للميزانية الوظيفية للوزارة
سياسات وإجراءات التخطيط الوظيفي وتخطيط الميزانية
آليات العمل والنماذج الخاصة بالتخطيط الوظيفي وتخطيط الميزانية
تطوير العمليات والأنشطة لجميع مخرجات الإدارة المالية
تطوير قائمة بأفضل الممارسات والأدوات لتطوير جميع مخرجات الإدارة المالية بوزارة الحرس الوطني","رفع كفاءة تخطيط الميزانية بالوزارة بنسبة()*
خطة ميزانية متعددة السنوات (3 سنوات) موافق عليها",رفع كفاءة الإنفاق لوزارة الحرس الوطني بنسبة (X)*,بناء العمل المؤسسي للوصول إلى كفاءة وفاعلية أعلى ,رفع كفاءة الإنفاق,EA-6_برنامج رفع كفاءة التخطيط المالي,"بسبب إعتماد برنامج رفع كفاءة التخطيط المالي على البيانات هناك خطر بعدم وجود بيانات عن المصروفات على مستوى الأقسام أو الوظائف مما قد يؤثر على جودة المخرجات
بسبب تنوع الأنشطة في وزارة الحرس الوطني هناك خطر بعدم تغطية كافة الأنشطة الوظيفية في وزارة الحرس الوطني خلال الفترة الإتقالية مما يؤثر على جودة المخرجات وصحتها بما فيها جودة متطلبات الميزانية","التشارك مع الجهات المعنية الرئيسية الوظيفية لتقدير النفقات السابقة أو استخدام البيانات البديلة المناسبة لتوقع النفقات المستقبلية للوزارة
الحرص والمتابعة المستمرة على تغطية كافة الأنشطة الوظيفية خلال فترة تنفيذ البرنامج","EA-1,EA-6"
EA-7,برنامج رفع فاعلية اتخاذ القرار,يهدف البرنامج إلى تفعيل حوكمة وزارة الحرس الوطني على المستويين الاستراتيجي والتشغيلي من خلال دعم آليات اتخاذ القرار وتفصيل مواثيق اللجان ويشمل ذلك تفعيل وتشكيل فرق العمل مما يساهم في رفع كفاءة القرارات.,الشؤون التنفيذية,الشؤون التنفيذية,"نموذج تقديم خدمات مفصل لإدارة الأمن السيبراني
تشكيل لجان المستويات التشغيلية لوزارة الحرس الوطني
إعداد لجان الإشراف من وزارة الحرس الوطني ومستويات اللجان الاستراتيجية 
تفعيل لجنة تأكيد المخاطر والمراجعة الداخلية ","رفع مستوى المساءلة وسرعة إتخاذ القرار من خلال خفض 80% من اللجان التكتيكية
ضمان تفعيل اللجان الاستراتيجية","زيادة الكفاءة بنسبة (X)* لمختلف الأنشطة الوظيفية الرئيسية في الوزارة
توفير ما يفوق2,700 فرصة عمل في القطاع الخاص ",بناء العمل المؤسسي للوصول إلى كفاءة وفاعلية أعلى ,فاعلية اتخاذ القرار,EA-7_برنامج رفع فاعلية اتخاذ القرار,"بسبب تفعيل الحوكمة التشغيلية هناك خطر مقاومة عالية للتغيير من اللجان المتوقع تقليصها أو دمجها مع لجان أخرى مما قد يؤثر على تفعيل الهيكل والحوكمة بالشكل الصحيح
بسبب تأثير المخاطر على اتخاذ القرارات هناك خطر يتمثل في التعامل مع المخاطر بصورة منعزلة عن الآثار الاستراتيجية مما قد يؤثر على السياسات والإجراءات في الوزارة","عقد ورش عمل مع أصحاب المصلحة  لشرح الهدف من البرنامج والمنفعة المتوقعة.
دعوة كبار القادة المسؤولين عن مصادر المخاطر المحددة إلى اجتماعات اللجنة ومراجعة المخاطر بصورة شاملة وذلك لتحديد الاتجاهات والأنماط والآثار الإستراتيجية المحتملة.","EA-2,EA-7,EA-1"
EA-8,رفع كفاءة وجودة الخدمات الممكنة في وزارة الحرس الوطني,يهدف البرنامج إلى تفعيل دور الأدارة العامة للخدمات المشتركة وتوسيع نطاق عملها وتطوير وحدات مركزية على متسوى وزارة الحرس الوطني مما يحقق رفع فعالية خدمات الوزارة.,الشؤون التنفيذية,الشؤون التنفيذية,"إنشاء وحدة مركزية لجميع الإستشارات والمرئيات القانونية المقدمة إلى القيادة من قبل وزارة الحرس الوطني والمنظومات الأمنية الأخرى من خارج الوزارة
إنشاء وحدة مركزية لحفظ جميع سياسات الوزارة
تطوير وحدة مركزية ونماذج للعقود والإتفاقيات في الوزارة
إجراءات وآليات الوصول للمعلومات
إنشاء وحدة مركزية للسجلات القانونية  العسكرية والعملياتية
السياسات والإجراءات للإدارة العامة للخدمات المشتركة
نماذج وقوالب لإدارة الخدمات المركزية في الوزارة
تفصيل لنموذج تقديم الخدمة المطور في النموذج التشغيلي المستهدف
إتفاقيات مستوى خدمة لخدمات إدارة الخدمات المشتركة","زيادة الكفاءة بنسبة 34٪ في الأنشطة الإدارية 
رفع فاعلية خدمات الوزارة بنسبة (X)*","زيادة الكفاءة بنسبة (X)* لمختلف الأنشطة الوظيفية الرئيسية في الوزارة
توفير ما يفوق2,700 فرصة عمل في القطاع الخاص ",بناء العمل المؤسسي للوصول إلى كفاءة وفاعلية أعلى ,رفع كفاءة الإنفاق,EA-8_رفع كفاءة وجودة الخدمات الممكنة في وزارة الحرس الوطني,بسبب تفعيل وحدات جديدة هناك خطر يتمثل في صعوبة فهم آلية عمل الوحدات الجديدة ومدى تأثيرها على باقي الوحدات والاقسام ومقاومتها من قبل إدارات وزارة الحرس الوطني مما يؤثر على سير الأعمال في الوزارة,تقديم ورش عمل وبرامج عن فوائد تفعيل الوحدات وتوفير التدريب المطلوب لتمكين الانتقال السهل إلى كفاءة الخدمات الممكنة,"EA-1,EA-2"
EA-9,برنامج إدارة المخاطر والامتثال,يهدف البرنامج إلى تطوير منظومة المراجعة والتدقيق ويشمل ذلك تفعيل الإدارة العامة للحوكمة والمخاطر والإلتزام وإدارة المراجعة الداخلية وإدارة البلاغات في الوزارة مما يحقق رفع نسبة فاعلية اتخاذ القرار,الشؤون التنفيذية,الشؤون التنفيذية,"تطوير وتفعيّل دور إدارة المراجعة الداخلية وإدارة دعم الأعمال والبدء ببرنامج التأكيد على مستوى خط الدفاع الثالث، 
تطوير وتنفيذ الإجراءات والسياسات والأنظمة
 إعداد خطط الأعمال السنوية وتقديم المشورة حول الضوابط والكفاءة والفاعلية في كافة جهات الوزارة.
تطوير وتفعيّل دور إدارة البلاغات في الوزارة
تفعيل الإدارة العامة للحوكمة والمخاطر والإلتزام من 
تطوير وتفصيل السياسات 
الدليل التشغيلي للإدارة والبيانات والأمن السيبراني
التوظيف بناءً على الإحتياج المستهدف 
وضع وتفصيل سياسات  وإجراءات الإدارة
تفعيل أولي للإدارة والسياسات والإجراءات وتنفيذ الأنشطة 
تطوير وتحسين الإجراءات 
إطلاق وتفعيل الإدارة النهائي
تقييم والتوصية بالإحتياجات التدريبية والوظيفية لخطوط الدفاع الثلاث مع خطط التدريب","إدارة مركزية موحدة لإدارة المخاطر والرقابة عليها
تفعيل دور إدارة التدقيق
رفع قدرة التركيز على المستهدفات والأولويات الاستراتيجية من خلال خفض الإرتباطات الإدارية","رفع كفاءة وفاعلية منظومة التدقيق والالتزام في الوزارة
توفير ما يفوق2,700 فرصة عمل في القطاع الخاص ",بناء العمل المؤسسي للوصول إلى كفاءة وفاعلية أعلى ,فاعلية اتخاذ القرار,EA-9_برنامج إدارة المخاطر والامتثال,"بسبب عدم القدرة على استقطاب القيادات والكفاءات الملائمة لدور إدارة المراجعة الداخلية وإدارة المخاطر هنالك خطر يتمثل في إنخفاض مستوى أنشطة التأكيد والرقابة المرتبطة بالمستهدفات الإستراتيجية مما  قد يؤثر على تحقيق المستهدفات الاستراتيجية للوزارة
بسبب التشكيل الجديد للارتباطات الوظيفية بين خطي الدفاع الثاني والثالث هنالك خطر يتمثل في مقاومة التغيير مما قد يؤثر على سير خطة تنفيذ البرنامج","استقطاب قيادات وكفاءات ملائمه لدور إدارة المراجعة وإدارة المخاطر لرفع مستوى انشطة التأكيد والرقابة المرتبطة بالمستهدفات الإستراتيجية
اشراك الإدارات المدرجة على خطي الدفاع الثاني والثالث في تشكيل الارتباطات الوظيفية المستهدفة بشكل مبكر لتسهيل تنفيذ البرنامج وتحقيق النتائج المرجوة","EA-2,EA-9"
EA-20,برنامج تعزيز قدرات التواصل الداخلي والإعلام,يهدف البرنامج إلى تطوير استراتيجية التواصل الداخلي في  وزارة الحرس الوطني ورفع قدرات إدارة الإعلام وإطلاق منصة التواصل الداخلي مما يحقق رفع كفاءة وفاعلية أداء التواصل والإعلام في الوزارة,الشؤون التنفيذية,الشؤون التنفيذية,"تطوير إجراءات خاصة بمراجعة المحتوى
وضع أليات لتطوير المحتوى والرسائل لوزارة الحرس الوطني","رفع فاعلية الوزارة على إيصال الرسائل بنسبة ()*
(من خلال تحسين قدرات الإعلام والتواصل)

(تفعيل منصة التواصل الداخلي لوزارة الحرس الوطني)","رفع كفاءة وفاعلية أداء التواصل والإعلام في الوزارة بنسبة (X)*
(بقياس عدد مرات التفاعلات)
(بقياس معدل التفاعل والقدرة على تحقيق اهداف الوزارة عبر ايصال الرسائل المرجوة)",بناء العمل المؤسسي للوصول إلى كفاءة وفاعلية أعلى ,تحسين التواصل,EA-20_برنامج تعزيز قدرات التواصل الداخلي والإعلام,بسبب ضعف التواصل الداخلي وتفاوت قنواته ونوعيته هناك خطر بإنخفاض جاهزية مركز الإتصال والإعلام بالوزارة مما يؤثر على جودة المخرجات ,الإشراك المستمر لأعضاء مركز الاتصال والإعلام بالوزارة في تطوير الاستراتيجية وتنفيذها,EA-1
EA-21,برنامج تطوير رأس المال البشري,يهدف البرنامج إلى تطوير خطة توظيف شاملة على مستوى وزارة الحرس الوطني لضمان الإنتقال السلس للنموذج التشغيلي المستهدف وتحديد القدرات القيادية المطلوبة وتفعيل منظومة قياس الأداء في الوزارة مما يحقق جودة في عملية التوظيف وتحفيز الموظفين ,الشؤون التنفيذية,الشؤون التنفيذية,"خطة التوظيف الشاملة لوزارة الحرس الوطني
خطة الإنتقال لوزارة الحرس الوطني
ملء شواغر النموذج التشغيلي المستهدف بالإستعانة بالكوادر الحالية المتوافقة مع متطلبات الوظائف
قائمة المناصب القيادية والهامة ومتطلباتها
معايير تقييم المناصب القيادية والهامة
التوصيات بشأن التعيينات على الوظائف القيادية والهامة
تصميم المسارات الوظيفية للعسكرين والمدنيين
تصميم خطة تطوير وظيفية لكل مسار وظيفي
خطة تفعيل تفصيلية لكل قدرة حرجة لمرحلة التأسيس
خطة إنتقالية لمتقاعدي وزارة الحرس الوطني
فرص مع أصحاب عمل خارجيين
إطار لإدارة المواهب
نظام لإدارة الأداء الوظيفي
معايير لإستكشاف أصحاب الإمكانيات العالية
لوحة معلومات مؤشرات الأداء الوظيفي الرئيسية
سياسات وإجراءات لإدارة الأداء
تطوير نماذج تقارير الأداء","تحسين تحفيز الموظفين ورفع معنوياتهم 
رفع جودة عملية التوظيف داخل الوزارة ",أكثر من 1 مليار  ريال سعودي وفورات في التوظيف والتدريب ,تحقيق التميز من خلال تنمية الموارد البشرية والقدرات ,رفع كفاءة الإنفاق,EA-21_برنامج تطوير رأس المال البشري,"بسبب نقص الموارد في وزارة الحرس الوطني هناك خطر بالتأخير في تفعيل القدرات الوظيفية مما يؤثر على التفعيل في الوقت المناسب
بسبب عدم وجود خطة تواصل للتعريف بالمسارات الوظيفية
هناك خطر متمثل في عدم معرفة جميع الموظفين بالمسارات الوظيفية وخطط التطوير مما يؤثر على الخروج بالفوائد المرجوة من تحديد المسارات الوظيفية
بسبب عدم مشاركة الإستشاري جميع القدرات للمحافظة على سرية المعلومات هناك خطر بالقدرة على تحديد وتفعيل جميع القدرات الوظيفية ذات الأهمية العالية مما يؤثر على جودة مخرجات المبادرة المعنية
بسبب عدم إشراك أصحاب المصلحة والمعنيين من المتقاعدين أو المقبلين على التقاعد هناك خطر في عدم توافق بين أهداف الخطة الإنتقالية وأهداف المتقاعدين مما يؤثر على القدرة بالخروج بعملية متكاملة وشاملة لدعم تطوير المتقاعدين 
بسبب قلة مشاركة القادة بتحديد وتنفيذ إطار عمل التقييم وإدارة المواهب هناك خطر بعدم توفر المعلومات لتمكين مراقبة الأداء مما يؤثر بالحصول على تقييمات متأخرة وذات جودة منخفضة","تطوير نماذج توظيف بديلة لضمان تفعيل قدرات وزارة الحرس الوطني في الوقت المناسب
عقد ورش عمل وبرامج تدريبية لمنسوبي وزارة الحرس الوطني للتعريف بالمسارات الوظيفية وخطط التطوير
تكوين فريق اخر من الوزارة لدراسة القدرات الحساسة
العمل على وضع متطلبات المتقاعدين كشرط أساسي للبرامج
تطوير عمليات بديلة لجمع البيانات المطلوبة لتمكين إدارة الأداء وتزويد جميع القادة بالتدريب والتواصل فيما يتعلق بأدوارهم في عملية التقييم","EA-21,EA-1"
EA-22,برنامج تطوير القدرات وتنمية المهارات,يهدف البرنامج إلى تطوير قدرات رأس المال البشري وتفعيل العديد من البرامج التدريبية لسد الفجوات وتمكين الإنتقال لنموذج التشغيلي المستهدف مما يحقق رفع مستوى جدارات موظفي الوزارة في المهارات المطلوبة,الشؤون التنفيذية,الشؤون التنفيذية,"برامج تدريبية لتمكين المنسوبين في مختلف المهارات المطلوبة للنموذج التشغيلي المستحدث
تأهيل المعلمين في الكليات والمدارس على المهارات المستحدثة
برامج تدريبية قيادية بحسب مهارات إطار الجدارات القيادية المعتمد للوزارة
برامج تدريبية لتمكين المنسوبين في مهارات إدارة التغيير والإستراتيجية والمشاريع والجودة
تطوير المواد التدريبية الحالية
تطوير خطة القوى العاملة في مجال الإتصالات وتقنية المعلومات
تحديد إحتياجات وظائف الإمن السيبراني  
تطوير منهج تدريبي وإعتماده ونشره
تقديم التدريب حسب الخطة وقياس الأداء
برامج تدريبية قيادية بحسب مهارات إطار الجدارات القيادية المعتمد للوزارة
عقد شراكات مع جهات متقدمة في تنفيذ الأعمال في تخصصات متوافقة مع إحتياج الوزارة",رفع مستوى جدارات موظفي الوزارة في المهارات المطلوبة بنسبة (X)*,"رفع الكفاءة التشغيلية للموظفين بنسبة 30%*
توفير ما يفوق2,700 فرصة عمل في القطاع الخاص ",تحقيق التميز من خلال تنمية الموارد البشرية والقدرات ,فعالية العمليات وزيادة الإنتاجية,EA-22_برنامج تطوير القدرات وتنمية المهارات,"بسبب ضعف مستوى المدربين وعدم توافق الأساليب التدريبية مع ثقافة الوزارة هناك خطر متمثل في عدم القدرة على حصول منسوبي الوزارة على المهارات التخصصية المطلوبة مما يؤثر على تفعيل النموذج التشغيلي المستهدف
بسبب المنافسة العالية على المواهب في مجال الإتصالات وتقنية المعلومات هناك خطر متمثل في عدم القدرة على إستقطاب وإبقاء أفضل المواهب مما يؤثر على قدرة الوزارة في تقديم الخدمات التقنية
بسبب كثرة مبادرات التحول والتغيير الشامل هناك خطر متمثل في المقاومة العالية من قبل الموظفين الحاليين مما يؤثر على قدرة الوزارة بالإنتقال بالخدمات التقنية المستهدفة
بسبب عدم تفرغ الحاصلين على البرامج التدريبية 
هناك خطر متمثل في عدم تحقيق المستويات المطلوبة من التأهيل في البرنامج مما قد يؤثر على الخروج بالمؤهلات المطلوبة منها","تفعيل التقييم الدوري للبرامج التدريبية للعمل على مواطن التحسين وتوسعة نطاق المدربين والجهات التدريبية
دراسة آلية التوظيف والاستثمار بالتدريب 
أشراك الموظفين في الخطة التدريبية 
وتوفير بيئة عمل وحوافز تنافسية
الحرص والتأكيد والمتابعة المستمرة للحصول على المستويات المطلوبة من تأهيل البرنامج","EA-14,EA-22,EA-7"
EA-23,برنامج تمكين تحول وزارة الحرس الوطني,يهدف البرنامج إلى ضمان  إشراك أصحاب المصلحة في تنفيذ المبادرات وتبني تحول وزارة الحرس الوطني وتحفيز المنسوبي لدعم أنشطة التغيير مما يحقق الإنتقال السلس والفعال للنموذج التشغيلي المستهدف,الشؤون التنفيذية,الشؤون التنفيذية,"تنفيذ أنشطة التمكين 
أنشطة الدعم المستمر
تفعيل ألية الحوافز والمكافآت
آلية وسياسات الترشيح للحوافز والمكافآت
تنفيذ أنشطة التواصل
تنفيذ أنشطة نقل معرفة
تنفيذ أنشطة الدعم المستمر
تطبيق سياسات الترشيح للحوافز والمكافآت بحسب خطة التحول
تنفيذ أنشطة التواصل
تنفيذ أنشطة نقل معرفة
تنفيذ أنشطة الدعم المستمر",البرامج تمكيني يرتبط بجميع النتائج الاستراتيجية,الانتقال السلس والفعال  للنموذج التشغيلي المستهدف ,تحقيق التميز من خلال تنمية الموارد البشرية والقدرات ,مواءمة الاستراتيجية والتنفيذ,EA-23_برنامج تمكين تحول وزارة الحرس الوطني,"بسبب مقاومة التغيير من قبل منسوبي الوزارة هنالك خطر من عدم تفعيل شبكة التغيير في تنفيذ مبادرات التحول وتمكينهم من تبني التغيير من خلال نظام المكافآت والحوافز مما يودي الى تأخير في التغير مستوى جاهزية بناء أنشطة التواصل
بسبب التغير في مستوى الجاهزية بناء على أنشطة التواصل هنالك خطر في  تنفيذ خطة التغيير التي تشمل  خطط تواصل وخطط نقل معرفة وخطط دعم مستمر لأصحاب المصلحة مما يوثر بالتغيير لتمكينهم من قيادة دقة التطوير
بسبب صعوبة حصر أصحاب المصلحة المؤثرين والمتأثرين بتحول وزارة الحرس الوطني هنالك خطر في تنفيذ التغيير وتوفير الدعم اللازم لتمكين التغيير والوصول للتحول المستهدف مما يؤدي إلى تأخير في تحول وزارة الحرس الوطني ","تنفيذ خطة التغيير حيث تشمل خطط تواصل وخطط نقل معرفة وخطط دعم مستمر لأصحاب المصلحة المتأثرين بالتغيير لتمكينهم من قيادة دفة التطوير 
الحفاظ على مستوى الجاهزية والمواءمة مع خطة أنشطة التغير
تطوير خطط دعم مستمر لأصحاب المصلحة المتأثرين بالتغيير لتمكينهم من قيادة دفة التطوير",EA-23
EA-24,برنامج توطين الصناعات العسكرية ورفع مستوى المحتوى المحلي,يهدف البرنامج إلى تفعيل خطة شاملة لتوطين القدرات العسكرية في وزارة الحرس الوطني وتحديد المتطلبات والإحتياج المستقبلي لبناء شراكات مستدامة مع الموردين والمصنعين المحليين مما يحقق توطين 100٪ من مشتريات الوزارة العسكرية والصيانة والتشغيل بحلول عام 2025م,الشؤون التنفيذية,الشؤون التنفيذية,"تطوير خطة طويلة المدى لإستدامة المنظومات الرئيسية في وزارة الحرس الوطني
تطوير إطار عمل مرن لإتفاقية الخدمة وآليات التعاقد
خطة تفصيلية لقدرات وزارة الحرس الوطني
خطة توطين القدرات"," توطين 100٪ من مشتريات الوزارة العسكرية والصيانة والتشغيل بحلول عام 2025م
عقد شراكات إستحواذ محلية رسمية مع الشركاء في المنظومة ","مساهمة تصل الى 2% في نمو المحتوى المحلي (بمعدل 4-6 مليار سنويا) 
 ما يصل إلى 90 ألف وظيفة غير مباشرة 
 ما يصل إلى 5 آلاف وظيفة مباشرة ",المساهمة في توطين الصناعات العسكرية,رفع كفاءة الإنفاق,EA-24_برنامج توطين الصناعات العسكرية ورفع مستوى المحتوى المحلي,"بسبب عدم توفر البيانات التفصيلية للعقود هنالك خطر في تدني دقة حصر المخزون الحالي للذخيرة وقطع الغيار
مما له الأثر في عدم الإستخدام الأمثل في قطع الغيار والذخيرة 
بسبب عدم وجود عدد كافي من المصنعين الموردين المحليين هنالك خطر من عدم تحديد فرص الإستعانة بمصادر خارجية للصيانة والإصلاح  وتحديد الموردين المحليين المحتمل التعاقد معهم لتطوير استراتيجيات للتعاقد مع المصنعين والموردين المحليين مما يؤدي إلى تأخير في تنفيذ إطار عمل مرن لإتفاقية الخدمة وآليات التعاقد
بسبب مقاومة تقليل الإعتمادية على الشركات الأجنبية هنالك خطر في  صعوبة توفر قدرات محلية لتعظيم الإستفادة من المواد الخام المحلية المستخدمة في هذه الصناعات مما يؤدي إلى عدم المقدرة لضمان إستمرارية تنفيذ مخرجات توطين القدرات","الاستخدام الأمثل في توفير البيانات التفصيلية 
لارتفاع دقه حصر المخزون الحالي للذخيرة وقطع الغيار او المواءمة مع الجهات ذات العلاقة في ما يخص مسار التوطين ومستهدفاته
العمل على تهيئة وتمكين موردين ومصنعين محليين في الصناعات العسكرية من خلال اشراكهم بالعقود ومشاركتهم في تفاصيل المتطلبات واعداد ورش عمل لنقل المعرفة والتدريب والعمل على التعاون مع الشركات العالمية  والاستثمار الأجنبي المباشر
تشكيل فريق عمل دائم لضمان استمرارية تنفيذ مخرجات توطين القدرات",EA-24
EA-25,رفع مستوى اعتزاز ووعي منسوبي الوزارة,يهدف البرنامج إلى تفعيل إدارة الشؤون الإجتماعية والثقافية والرياضية وتطوير برامج الولاء لمنسوبي وزارة الحرس الوطني وتقييم إمكانية الإستفادة من القطاع الخاص بتحديد حجم الإحتياج المستقبلي للوحدات السكنية مما يحقق إرتفاع في نسبة رضا الموظفين,الشؤون التنفيذية,الشؤون التنفيذية,"خطة الدعم المدرسي
برنامج التجربة الرياضية
برنامج التجربة الثقافية
تصميم برنامج تعزيز قيم الوزارة
تنفيذ برنامج تعزيز قيم الوزارة
التفعيل الكامل لبرامج الولاء لمنسوبي وزارة الحرس الوطني
خطة المشاريع السكنية للعشرة سنوات القادمة وتشمل التكاليف التقديرية
نماذج ومسودات إتفاقيات العمل مع القطاع الخاص حسب النموذج الموصى به","رفع مستوى إعتزاز منسوبي وزارة الحرس الوطني بنسبة (X)*
 إنخفاض بنسبة 50٪ في وقت الإنتظار للحصول على مسكن 
تحقيق مستوى طبيعي في مؤشر كتلة الجسم بنسبة 70٪ لموظفي الوزارة ",تحقيق نسبة رضى الموظفين 90٪ ,المساهمة في التنمية الاجتماعية والازدهار لمنسوبي الحرس الوطني وذويهم,رفع مستوى رضا المستفيدين,EA-25_رفع مستوى اعتزاز ووعي منسوبي الوزارة,"بسبب تعدد وتنوع مهام وبرامج الإدارة هناك خطر في عدم القدرة على تنفيذ خطط وأنشطة إدارة الشؤون الإجتماعية والثقافية والرياضية بشكل موحد في الوزارة مما يؤدي إلى تباين في مخرجات هذه البرامج
بسبب ضعف التوعية حول الإعتماد على أنظمة التواصل الموجودة دون تحسينها هنالك خطر من عدم المقدرة على التواصل مع الإدارات المعنية مما يؤدي إلى التأخير في التنفيذ 
بسبب اعداد القوى العاملة الكبيرة هناك خطر في ضمان فاعلية البرامج المقدمة مما له الأثر في تكامل في تقديم نتائج موحدة على مستوى قطاعات الوزارة","
التأكيد والمتابعة المستمرة على تنفيذ الخطط والأنشطة المحددة بالمواءمة مع جميع القطاعات في الوزارة
المواءمة مع مبادرات التواصل لضمان عدم التأخر في التنفيذ
تقسيم المستفيدين على فئات ووضع خطة لعقد البرامج",EA-20
EA-TBD,يتم تحديدها لاحقا,يتم تحديدها لاحقا,الشؤون التنفيذية,الشؤون التنفيذية,يتم تحديدها لاحقا,يتم تحديدها لاحقا,يتم تحديدها لاحقا,يتم تحديدها لاحقا,يتم تحديدها لاحقا,EA-TBD_يتم تحديدها لاحقا,يتم تحديدها لاحقا,يتم تحديدها لاحقا,لا تعتمد على اي برنامج
HA-3,برنامج تحسين الوصول الى الرعاية الصحية,"يهدف البرنامج لتحسين صحة المجتمع من خلال توسعة الرعاية الصحية لمنسوبي الحرس الوطني في جميع أنحاء المملكة لتلبية احتياجات المستفيدين  وإقامة شراكات مع مستشفيات وزارة الصحة ومستشفيات القطاع الخاص
",الشؤون الصحية,الشؤون الطبية,"إقامة شراكات مع مقدمي الخدمات الطبية الخارجيين الراغبين والقادرين على توفير أسرة رعاية وإعادة تأهيل طويلة الأجل
 توسيع نطاق الخدمات المقدمة للمستفيدين من خلال خدمات التطبيب عن بعد
قائمة تخصصات لمراكز التميز معتمدة
عقد شراكات مع القطاع الخاص والحكومي لتوفير الخدمات 
تقرير التقدم المحرز لتحسين كفاءة الوصول الى الرعاية الصحية","تخفيض متوسط فترات الانتظار بمقدار 34% (مما يقارب ال 45 يوم الى 30 يوم)
80% زيادة في عدد الاسرة  ( من 2.4 ألف سرير اليوم الى 4.3 سرير )
نسبة الرعاية الصحية الأولية مع اعتماد التطبيب عن بعد
رفع عدد الإحالات من غير المستفيدين من 25 الف الى 50 الف  ","مضاعفة تقديم الخدمات للمستفيدين 
(زيادة تقديم الخدمة من 54% من إجمالي المستحقين إلى 100%  من إجمالي المستحقين 

زيادة مصادر  دخل مراكز الاعمال (من 343 مليون ريال سعودي إلى 564 مليون ريال سعودي)",تقديم أفضل خدمات الرعاية الصحية,يتم تحديدها لاحقا,HA-3_برنامج تحسين الوصول الى الرعاية الصحية,"سوء إدارة المشروع بسبب تصميم البرنامج لتحقيق عدة أهداف معقدة بما في ذلك تحسين الوصول وتنفيذ مراكز التميز مما يؤدي إلى فشل في الالتزام بالجداول الزمنية والأهداف على المواءمة الإستراتيجية للبرنامج واستدامته على المدى الطويل, 
عدم التزام الموردين أو الشركاء المحددين بشروط العقد أو معايير الجودة بسبب تضمن البرنامج شراكات مع القطاعين الخاص والحكومي لتوفير الرعاية الصحية مما يؤدي إلى الإضرار بجودة خدمات الرعاية الصحية وتعطيل مواءمة البرنامج مع الأهداف التنظيمية, 
عدم تحقيق العوائد المتوقعة بسبب اشتمال الأهداف الإستراتيجية على تنويع مصادر الإيرادات وتقليل الاعتماد على التمويل الحكومي مما يؤدي إلى زيادة الاعتماد على التمويل الحكومي والتأثير على استدامة البرنامج, 
تجاوز النفقات الرأسمالية الميزانيات المخططة بسبب التعقيدات في التنفيذ بسبب تطلب استثمارًا رأسماليًا كبيرًا للتحول إلى مراكز التميز وتنفيذ نماذج الحوكمة الجديدة مما يؤدي إلى عدم كفاية رأس المال إلى تأخير جهود التحول، مما يؤثر على جودة وأداء خدمات الرعاية الصحية","تطوير نظام لمراقبة تقدم المشروع وإجراء تعديلات استراتيجية عند الحاجة, 
متابعة دورية لأداء الشركاء والموردين وإجراء تقييمات الجودة, 
مراجعة وتعديل الأهداف الاستراتيجية وخط الأساس لتناسب الوضع الفعلي,  
العمل مع فرق المبادرات لتحسين كفاءة العمليات والبحث عن حلول لتقليل التكاليف","HA-3,HA-4"
HA-5, برنامج تحسين الكفاءة والاستدامة المالية,"يهدف البرنامج لتعزيز الموارد المالية وتقليل الإنفاق من خلال بناء السياسات والإجراءات وتوفير الأنظمة اللازمة لتحقيق التوازن المالي
",الشؤون الصحية,الإدارة المالية,"خطة عمل لتحقيق مستهدفات استراتيجية الاستدامة المالية
نظام الي يقلل الهدر في صرف الأدوية
أداة تحليل وتخطيط لتحسين الاستخدام الأمثل للموارد
نظام إدارة دورة الإيرادات 
قائمة الخدمات مرتبطة مع الأسعار  
تفعيل أنظمة ادارة الصحة العامة ونظام الفوترة وإدارة دورة والإيرادات وأداة نمذجة رقمية تنبؤية للتحليلات المتقدمة
تقرير مقارنة معيارية للأسعا في جهات مماثلة","هيكلة تكاليف الخدمات بنسبة 100%*
اسناد الخدمات المساندة  ذات الجدوى للقطاع الخاص والغير ربحي
زيادة شبكة تغطية شركات التامين
انخفاض بنسبة 25٪ في التكلفة للفرد (من 11.7 ألف ريال سعودي للفرد إلى 8.9 ألف ريال)","مضاعفة تقديم الخدمات للمستفيدين 
(زيادة تقديم الخدمة من 54% من إجمالي المستحقين إلى 100%  من إجمالي المستحقين 

زيادة مصادر  دخل مراكز الاعمال (من 343 مليون ريال سعودي إلى 564 مليون ريال سعودي)",تقديم أفضل خدمات الرعاية الصحية,يتم تحديدها لاحقا,HA-5_ برنامج تحسين الكفاءة والاستدامة المالية,"عدم الوضوح في مسؤوليات الحوكمة والتأخير في عملية صنع القرار بسبب اشتمال البرنامج على طبقات متعددة من الإدارة بما في ذلك مجالس الإدارة واللجان وأنظمة إدارة الأداء مما يؤدي إلى تأخير تنفيذ التغييرات الإستراتيجية وتحقيق أهداف البرنامج مما يؤثر على المواءمة التنظيمية, 
  حدوث تحديات في التكامل بسبب الاعتماد على العديد من الموردين لحلول البيانات وأدوات التحليلات مما يؤدي إلى التأثير على جودة مخرجات البرنامج وتوقيتها ,
حدوث اختلافات ثقافية تؤثر على فهم معايير الجودة ومقاييس الأداء بين الشركاء بسبب اختلاف طبيعة الشراكات بين القطاعين الخاص والحكومي مما يؤدي إلى اختلال أهداف البرنامج ويؤدي إلى شراكات غير فعالة لا تخدم وزارة الحرس الوطني بكفاءة","تبسيط هيكل الحوكمة وتحديد مسؤوليات واضحة لكل جهة, 
الاعتماد على مورد واحد للتأكد من توافق الحلول وإجراء اختبارات مكثفة, 
تطوير بروتوكولات جديدة تأخذ بعين الاعتبار الاختلافات الثقافية، وتنظيم ورش عمل لتبادل الأفكار والأفضليات.","HA-6,HA-5"
HA-6,برنامج التحول المؤسسي ,يهدف البرنامج لتطوير وتفعيل نموذج تشغيلي تفاعلي متكامل يمكن الشؤون الصحية بالقيام بأدوارها بشكل فعال مما يساهم في دعم عملية التحول بكفاءة وفعالية,الشؤون الصحية,الشؤون الاستراتيجية/أو المدير التنفيذي للشؤون الصحية,"تفعيل النموذج التشغيلي المحدث للشؤون الصحية
تفعيل نموذج التفاعل والسياسات والاجراءات الرئيسية داخلياً بين مركز الأبحاث والجامعة مع المستشفيات/ المدن الطبية ومراكز التميز والطب العسكري الميداني
تفعيل هياكل مجالس الإدارة واللجان وانظمة إدارة الاداء البحثية والأكاديمية",تفعيل الكيان القانوني  الجديد ,رفع الكفاءة التشغيلية على مستوى الشؤون الصحية بوزارة الحرس الوطني,تقديم أفضل خدمات الرعاية الصحية,يتم تحديدها لاحقا,HA-6_برنامج التحول المؤسسي ,"التغييرات في ترتيبات الإدارة أو الشراكة قد تتعارض مع اللوائح الحالية أو متطلبات الترخيص بسبب إعادة تنظيم هياكل الإدارة في مجال الرعاية الصحية وإقامة شراكات مع الجهات الحكومية والخاصة مما يؤدي إلى عدم الالتزام التنظيمي إلى فرض غرامات أو تحديات قانونية أو إيقاف أجزاء من البرنامج، مما يؤثر على توافقه مع الأهداف الإستراتيجية وإعاقة فعاليته, 
عدم فهم  العمليات الجديدة  أو عدم تفعيلها بشكل مناسب من قبل جميع أصحاب المصلحة بسبب تضمن البرنامج تنفيذ عمليات جديدة للحوكمة ومقاييس الأداء وارتباطات الشراكة مما يؤدي إلى عدم الكفاءة، مما يؤثر على قدرة البرنامج على تحقيق أهدافه والمواءمة مع الاستراتيجيات التنظيمية","تكليف فريق قانوني للتحقق من التوافق التنظيمي وتحديد أي تداولات قانونية محتملة, 
 إعداد دليل مفصل للعمليات الجديدة وتنظيم ورش عمل توعية","HA-2,HA-6,HA-7"
HA-8,برنامج تطوير عمليات الموارد البشرية  ,يهدف البرنامج الى تطوير عمليات الموارد البشرية من خلال أتمتة الاجراءات وتفعيل نموذج تشغيلي يساعد على سرعة اتخاذ القرار ومرونة تنفيذ العمليات  ,الشؤون الصحية,إدارة الموارد البشرية,"تفعيل وتنفيذ إستراتيجية الموارد البشرية 
تفعيل نظام إدارة الموارد البشرية
توصيات دراسة تطوير سلم الرواتب الموحد لمنسوبي الشؤون الصحية   ","اتمتة جميع إجراءات عمليات الموارد البشرية 
سلم رواتب محدث معتمد 
عدد المخرجات من الإدارة مقابل المخرجات المخطط لها  ","
متوسط الوقت للملء الوظيفة الشاغرة

رفع معدل الاحتفاظ بالموظفين

استقطاب الموظفين

رفع نسبة رضا الموظفين من خلال توفير بيئة عمل أفضل",تقديم أفضل خدمات الرعاية الصحية,يتم تحديدها لاحقا,HA-8_برنامج تطوير عمليات الموارد البشرية  ,"ارتفاع النفقات التشغيلية بسبب موائمة سلم الرواتب مع الجهات الصحية المماثلة  مما يؤدي إلى عدم اعتماد مخرجات البرنامج ,
عدم الموافقة أو تأخر الموافقات بسبب  عدم أخذ في الاعتبار الزيادات المحتملة في تكاليف الحوافز والزيادات في سلم الرواتب مما يؤدي إلى  تأثيرًا مضاعفًا على تحقيق أهداف البرنامج والأهداف التنظيمية للوزارة","مراجعة جميع الأنظمة اللوائح المتعلقة خلال الدراسة,
 دراسة أنظمة الجهات الحكومية ذات الأثر  مثل وزارة المالية وضمان الموائمة المسبقة ",HA-8
HA-9,برنامج تنمية الكادر الإداري ,يهدف البرنامج لتنمية الموارد البشرية للكادر الإداري من خلال رفع الجدارات وتنفيذ خطط تعاقب وظيفية ,الشؤون الصحية,إدارة الموارد البشرية,"خطط التعاقب للمناصب الاشرافية
مسارات وظيفية محدثة لجميع المناصب
خطة وظيفية توضح النشاطات الرئيسية لكل وظيفة
خطة تدريب رفع القدرات والجدارات
تدريب الموظفين على المهارات المطلوبة بناءً على خطة التدريب","تفعيل  المسارات والخطط الوظيفية المطورة 
اكتمال تدريب الموظفين حسب خطة التدريب","
متوسط الوقت للملء الوظيفة الشاغرة

رفع معدل الاحتفاظ بالموظفين

استقطاب الموظفين

رفع نسبة رضا الموظفين من خلال توفير بيئة عمل أفضل",تقديم أفضل خدمات الرعاية الصحية,يتم تحديدها لاحقا,HA-9_برنامج تنمية الكادر الإداري ,"عدم اتساق برامج التدريب بسبب عدم تحديد احتياجات التدريب للكادر الإداري بدقة مما يؤدي إلى فجوة في  المهارات والتأثير على أداء العمل , 
انخفاض جاذبية للتوظيف الإداري المستقبلي بسبب فشل البرنامج في تقديم التحسينات المتوقعة في المهارات مما يؤدي إلى  شح المواهب بصورة العامة","إجراء تقييمات دورية لاحتياجات التدريب, 
 تحديد الفجوات في المهارات وتطوير برامج تدريب ملائمة",HA-8
HA-10,برنامج ازدهار  ورفاهية منسوبي الشؤون الصحية,يهدف البرنامج لتطوير القدرات وتعزيز الابداع والابتكار وخلق بيئة عمل إيجابية لضمان تنمية ازدهار وراحة منسوبي الشؤون الصحية ورفع درجة ارتباطهم واعتزازهم بالمنظومة,الشؤون الصحية,إدارة الموارد البشرية,"خطة الانتقال لتنفيذ برنامج تقدير الموظف
تنفيذ خطة التواصل لتعزيز ثقافة العائلة الواحدة بين قياديي وموظفي الشؤون الصحية في جميع المناطق
تنفيذ خطة التواصل التي ستحتوي على اجتماعات دورية مفتوحة وندوات تدريبية ومنشورات دورية فيما يخص رفاهية العمل
برنامج معالجة مكونات السكن المتهالكة / الملحة","اكتمال 100% حسب خطة ترميم المباني
انتقال الكادر التمريضي بنسبة 100% للمساكن المجددة
تحقيق أكثر من 80% من رضى الموظفين على مستوى التواصل  بين المنظومة والموظف","
متوسط الوقت للملء الوظيفة الشاغرة

رفع معدل الاحتفاظ بالموظفين

استقطاب الموظفين

رفع نسبة رضا الموظفين من خلال توفير بيئة عمل أفضل",تقديم أفضل خدمات الرعاية الصحية,يتم تحديدها لاحقا,HA-10_برنامج ازدهار  ورفاهية منسوبي الشؤون الصحية,"انعزال المشاريع بسبب احتواء البرنامج  على مشاريع متعددة بمتطلبات متنوعة مما يؤدي إلى عدم وجود تظافر وكفاءة في تحقيق أهداف البرنامج
تناقضات في عملية صنع القرار بسبب عدم وجود لجنة توجيهية مخصصة للبرنامج مما يؤدي إلى نتائج غير متسقة للمشاريع والفشل في تحقيق أهداف البرنامج","إقامة اجتماعات تنسيقية، وربما استخدام نظام إدارة المشروعات, 
تعيين أعضاء اللجنة، تطوير جدول زمني للاجتماعات، توفير معلومات لدعم القرار","HA-8,HA-3,EA-3"
HA-1,برنامج تأسيس وتطوير  البنية التحتية للرعاية الوقائية,يهدف البرنامج لتأسيس وتطوير بنية تحتية تساعد على تقديم خدمات الرعاية الوقائية للمستفيدين من أنشاء وتوسع مراكز الرعاية الأولية بالإضافة الى تصميم برامج صحة المجتمع وتأسيس الصحة العامة  ,الشؤون الصحية,إدارة الرعاية الأولية/مكتب إدارة المشاريع,"انشاء 20 مركز صحي أولي في مناطق المملكة 
مراكز رعاية أولية مجددة 
حصر المستفيدين وتسجيلهم 
تفعيل ادارة الصحة العامة","تدشين 20  مركز  رعاية  أولي جديد
اكتمال ترميم  جميع مراكز الرعاية الأولية حسب الخطة وإطلاق خدمة  الرعاية العاجلة 
حصر وتسجيل جميع المستفيدين
رفع نسبة الكشف المبكر  للأمراض",معدل النتائج الصحية للمستفيدين,تقديم أفضل خدمات الرعاية الصحية,يتم تحديدها لاحقا,HA-1_برنامج تأسيس وتطوير  البنية التحتية للرعاية الوقائية, تجاوز الميزانية المخصصة بسبب متطلبات الإنفاق الرأسمالي غير المتوقعة في البنية التحتية للبيانات مما يؤدي إلى موافقات تمويل إضافية قد تسبب  تأخيرات,إجراء تقييم دوري للمتطلبات المالية والتأكد من التواصل مع الجهات التمويلية ذات الصلة في اوقت المناسب,"HA-6,HA-1,HA-4"
HA-2,برنامج تفعيل الرعاية الوقائية ,يهدف البرنامج لتعزيز مفهوم الرعاية الوقائية وتحسين صحة المجتمع من خلال إجراء حملات توعوية وتحسين الوصول للخدمات الصحية لمجتمع المستفيدين,الشؤون الصحية,إدارة الصحة العامة,"الفحص الصحي للعسكريين
تحديث البيانات الصحية للعسكريين
حملة فحص المستفيدين
خطة تنشيط مرضى امراض المزمنة
حملات توعوية
خطة تدريب الموظفين على تنفيذ الحملات التوعوية
تسجيل المستفيدين لدى اطباء أسرة","فحص 100%  من المستفيدين (المدنيين والعسكريين)
زيادة عدد زيارات المستفيدين للرعاية الأولية بنسبة  %6 خلال السنة الأولى من انتهاء البرنامج 
ربط 100% من مستفيدي الحرس الوطني المسجلين بطبيب أسرة*",معدل النتائج الصحية للمستفيدين,تقديم أفضل خدمات الرعاية الصحية,يتم تحديدها لاحقا,HA-2_برنامج تفعيل الرعاية الوقائية ,"احتمال حدوث فجوة بين القدرات الحالية والمهارات المطلوبة  بسبب اختصاص المهارات المطلوبة للبرنامج مما يؤدي إلى التأثير على جودة مخرجات البرنامج , 
عدم جذب عدد كافٍ من أصحاب المصلحة بسبب طبيعة البرنامج استهداف الصحة الوقائية  ربما لا يشعر بعض الشرائح من المستفيدين أي فائدة بشكل مباشر مما يؤدي إلى انخفاض التأثير والتفاعل الإيجابي والكامل من أصحاب المصلحة, 
مقاومة التغيير التي تعيق أهداف البرنامج بسبب إحداث تغيير كبير في الوعي بالرعاية الصحية الوقائية مما يؤدي إلى لا يتم تحقيق المعالم الرئيسية وقد تتأثر مؤشرات الأداء الرئيسية","جراء تدقيق في المهارات ومن ثم استحداث برامج تدريب للموظفين الحاليين, 
إجراء أنشطة توعية مجتمعية وورش عمل لإشراك أصحاب المصلحة,
 إجراء تحليل لإدارة التغيير وتنفيذ تغييرات تدريجية للحد من المقاومة","HA-1,HA-2,HA-5"
HA-4,برنامج تعزيز جودة الرعاية الصحية,يهدف البرنامج لتقديم رعاية طبية عالية الجودة تشمل الموارد والخبرات المتميزة للتركيز على الحالات ذات الأثر السلبي على جودة الحياة من قبل وحدات الممارسة المتكاملة وتحسين تجربة المريض ,الشؤون الصحية,إدارة الجودة,"خطة الانتقال لتطبيق مسارات الرعاية الصحية المحدثة
مؤشرات الأداء الرئيسية لقياس تجربة المريض وخطة التنفيذ
إطار عمل للمراقبة وإدارة الأداء 
تطوير مسارات العلاج وإرشادات الممارسات والإحالات لكل حالة
تنفيذ تطوير هيكلة مراكز التميز والتحول من هيكل مراكز التميز القائم على الأقسام إلى هيكل مراكز التميز المؤسسية ","نسبة تفعيل مسارات الرعاية الموحدة المحدثة  للعشر أمراض الأكثر شيوعاً
معدل اعادة التنويم في غضون 30 يوم من خروج  المريض
","رفع نسبة رضى المرضى
فعالية تخصيص الموارد السريرية
تقديم الرعاية الأمثل",تقديم أفضل خدمات الرعاية الصحية,يتم تحديدها لاحقا,HA-4_برنامج تعزيز جودة الرعاية الصحية,"عدم فهم  العمليات الجديدة  أو عدم تفعيلها بشكل مناسب من قبل جميع أصحاب المصلحة بسبب تضمن البرنامج تنفيذ عمليات جديدة للحوكمة ومقاييس الأداء وارتباطات الشراكة مما يؤدي إلى عدم الكفاءة، مما يؤثر على قدرة البرنامج على تحقيق أهدافه والمواءمة مع الاستراتيجيات التنظيمية, 
عدم مشاركة جميع أصحاب المصلحة (مقدمو الرعاية الصحية، وواضعو السياسات، والمرضى) بشكل كافٍ بسبب سعة نطاق البرنامج، الذي يشمل مستويات رعاية صحية متعددة مما يؤدي إلى مقاومة محتملة أو عدم التأييد، مما قد يقوض نجاح البرنامج, 
احتمال تعارض البرنامج مع لوائح الرعاية الصحية الحالية أو معايير الاعتماد بسبب التغييرات في الإرشادات السريرية ومسارات الرعاية مما يؤدي إلى عواقب قانونية محتملة والإضرار بالسمعة"," إعداد دليل مفصل للعمليات الجديدة وتنظيم ورش عمل توعية,
 تنظيم جلسات تحليل لأصحاب المصلحة وتحديد الاحتياجات والتوقعات، والعمل على توضيح فوائد البرنامج للجميع, 
مراجعة اللوائح الجديدة والقائمة باستمرار والتنسيق مع الجهات المعنية لضمان الامتثال","HA-3,HA-6,HA-4,HA-TBD,HA-1"
HA-11,برامج رفع الجاهزية  الطبية ضد الكوارث,تأسيس برنامج متكامل للجاهزية الطبية ضد الكوارث بأنواعها ويشمل ذلك تطوير القدرات والتخطيط ورفع مستوى الجاهزية والتأهب لتحقيق التكامل وضمان الاستجابة العاجلة لمواجهة الكوارث وإدارتها والحد من آثارها,الشؤون الصحية,الشؤون الاستراتيجية,"برنامج التدريب على خطط الاستجابة للفرضيات المبنية على دراسات المخاطر
خطة العمل المعتمدة  لرفع الجاهزية الطبية ضد الكوارث
تأسيس مركز للبيانات وتبادل المعلومات",تدشين مركز  الأزمات والكوارث,يتم تحديدها لاحقا,تقديم أفضل خدمات الرعاية الصحية,يتم تحديدها لاحقا,HA-11_برامج رفع الجاهزية  الطبية ضد الكوارث,"انتهاك البرنامج معايير الرعاية الصحية أو الامتثال العسكري بسبب تضمن البرنامج تنسيقًا معقدًا بين الوحدات العسكرية والطبية ويخضع للوائح الرعاية الصحية والعسكرية مما يؤدي إلى إلى تداعيات قانونية، والإضرار بسمعة البرنامج، وربما تعريض الأرواح للخطر في سيناريوهات الكوارث عن طريق تأخير أو إبطال الاستجابات, 
 افتقار الفريق إلى التدريب أو الخبرة الكافية في هذه المجالات المتخصصة بسبب تطلب البرنامج مهارات متخصصة في التعامل مع حالات الطوارئ الطبية، وخاصة ذات الطبيعة العسكرية (البيولوجية والكيميائية والإشعاعية والنووية وغيرها) مما يؤدي إلى عدم الكافية إلى الإضرار بفعالية الاستجابة للكوارث، مما يعرض الأرواح ونجاح المهمة للخطر,تجاوز النفقات الرأسمالية المخصصات بسبب تطلب إنشاء مركز بيانات وصيانة المعدات الطبية الحديثة  رأس مال كبير مما يؤدي إلى تأخير أو تثبيط فعالية القدرة على الاستجابة الطبية أثناء وقوع الكارثة, 
-حدوث اختلال محتمل في فهم بروتوكولات الخصوصية بسبب اختلاف متطلبات الخصوصية والسرية بين الثقافات الطبية العسكرية والمدنية مما يؤدي إلى عدم فعالية الاستجابة المنسقة للكوارث العسكرية"," إقامة نظام رصد لضمان الامتثال وتطبيق عقوبات في حالة الانتهاكات, 
استقدام خبراء في مجالات الطوارئ الطبية للتدريب والإشراف على الفريق, 
تقديم دراسة جدوى للحصول على تمويل إضافي , 
توفير تدريبات توعية لفرق الطبية والعسكرية بشأن الفروق في بروتوكولات الخصوصية",لا تعتمد على اي برنامج
HA-7,برنامج  التميز البحثي والابتكار,يهدف البرنامج للوصول إلى التميز البحثي والريادة في التعليم وبحوث العلوم الصحية والطب العسكري الميداني بما يتماشى مع احتياجات المنظومة من خلال عقد شراكات بحثية داخلية وعالمية وموائمة التكامل بين المنظومة الصحية والبحثية والأكاديمية لدعم التحول وتعزيز الابتكار ,الشؤون الصحية,كيمارك (مركز الأبحاث),"إقامة شراكات وعمل برامج الابتكار
عقد شراكة بحثية واكاديمية 
قائمة مزايا تحفيزية للبحث والتعليم
تقديم الدورات التعليمية للطب العسكري الميداني
عدد من الابتكارات المسجلة ( براءة اختراع)
 مسار معتمد للبحث والتطوير في مجال الطب القتالي","تفعيل مسار البحث في مجال الطب العسكري 
تدشين الشراكات البحثية والأكاديمية  ","رفع التصنيف العالمي والإقليمي للجامعة 
رفع عدد المنشورات مع عامل تأثير أكبر من 4
الريادة في مجال أبحاث الطب العسكري",تقديم أفضل خدمات الرعاية الصحية,يتم تحديدها لاحقا,HA-7_برنامج  التميز البحثي والابتكار,سوء الإدارة المعلومات والبيانات البحثية أو سرقتها بسبب تضمن البرنامج شراكات بحثية وأكاديمية التي يمكن أن تؤدي إلى مخرجات ذات ملكية فكرية وبيانات حساسة مما يؤدي إلى تهديد النزاهة الأكاديمية,تنفيذ سياسات صارمة لحماية الملكية الفكرية والبيانات الحساسة,"HA-7,HA-6,HA-1"
HA-TBD,مبادرة مراجعة وتطوير نموذج الحوكمة الإكلينيكي,"(لا تدرج تحت برنامج لاعتبارها مبادرة مراجعة و عمل تشغيلي ) جميع نماذج الحوكمة الإكلينيكية المطبقة في الشؤون الصحية عبر اللجان لضمان عدم وجود أية تعارض بينها ومن ثم موائمتها مع حوكمة النموذج التشغيلي المفصل للشؤون الصحية وتشمل : 
-مراجعة جميع نماذج الحوكمة الحالية -تطوير نموذج الحوكمة الاكلينيكي الشامل -التوصيات والتعديلات المقترحة",الشؤون الصحية,الشؤون الصحية,يتم تحديدها لاحقا,يتم تحديدها لاحقا,يتم تحديدها لاحقا,تقديم أفضل خدمات الرعاية الصحية,يتم تحديدها لاحقا,HA-TBD_مبادرة مراجعة وتطوير نموذج الحوكمة الإكلينيكي,يتم تحديدها لاحقا,يتم تحديدها لاحقا,HA-4
MA-1,برنامج تعزيز قدرات الجمع والتحليل الاستخباراتي,برنامج يهدف إلى تفعيل قدرات الجمع والتحليل الاسخباراتي في البيئات العملياتية وتعزيز التكامل في بنية الاستخبارات للوزارة,الشؤون العسكرية,رئيس هيئة الاستخبارات,يتم تحديدها لاحقا,"تأسيس وتفعيل بنية الاستخبارات العملياتية 
(عدد تقارير الجمع والتحليل في الوضع الراهن/ عدد التقارير المستقبلية)",تعزيز قدرات الجمع والتحليل الاستخباراتي بالوزارة,رفع مستوى الاستجابة للتهديدات الدفاعية والأمنية من خلال تطوير قدرات متخصصة للمهمات المطلوبة,يتم تحديدها لاحقا,MA-1_برنامج تعزيز قدرات الجمع والتحليل الاستخباراتي,"

بسبب وجود تغيرات في الارتباطات التنظيمية من خلال تغيير واستحداث الاستخبارات العملياتية, هناك خطر يتمثل في مقاومة التغييرات والاستحداثات المطلوبة ، مما يؤثر على تحقيق مستهدفات هذا البرنامج.


",توضيح المهام والارتباطات التنظيمية بالتفصيل و الموائمة المستمرة مع أصحاب المصلحة,"MA-1,MA-18"
MA-2,برنامج تعزيز قدرات الطب العسكري الميداني,"يقوم هذا البرنامج على حوكمة الطب العسكري الميداني، وتقديم حلول تدريبية متخصصة",الشؤون العسكرية,قائد الطب العسكري الميداني,يتم تحديدها لاحقا,"أن تبلغ نسبة المسعفين المؤهلين من فريق الطب القتالي 25%
 (نسبة المسعفين القتاليين الحاصلين على درجة مُسعف متخصص)

حصول جميع الأطباء واختصاصيي المهن الطبية المساعدة على تدريب جماعي سنوياً
(نسبة الأطباء واختصاصيي المهن الطبية المساعدة الذين حصلوا على تدريب جماعي سنوي في هذا المجال)","تعزيز الصحة البدنية لمنسوبي الجهاز العسكري ورفع قدراتهم لتنفيذ المهام
(النسبة المستهدفة لمجتازي اختبارات اللياقة البدنية / النسبة للوضع الراهن)",رفع مستوى الاستجابة للتهديدات الدفاعية والأمنية من خلال تطوير قدرات متخصصة للمهمات المطلوبة,يتم تحديدها لاحقا,MA-2_برنامج تعزيز قدرات الطب العسكري الميداني,"بسبب وجود تغيير في نموذج الصلاحيات الحالية، هناك خطر في مقاومة التغيير على تحديث الحوكمة والارتباطات، مما سيؤثر في تحقيق مستهدفات البرنامج.
",الموائمة المستمرة مع أصحاب المصلحة,"MA-10,MA-18"
MA-3,برنامج الكفاءة والتميز  للطب العسكري الميداني,يهدف البرنامج على رفع كفاءة الطب العسكري الميداني والوصول به إلى التميز ,الشؤون العسكرية,قائد الطب العسكري الميداني,يتم تحديدها لاحقا,"أن يمضي 100% من أفراد الخدمات الطبية القتالية 50% من وقتهم على الأقل في مراكز الرعاية الصحية الأولية
(عدد أفراد الفريق الطبي القتالي الذين يقضون 50% من وقتهم على الأقل في مراكز الرعاية الصحية الأولية)

قضاء 100% من الأطباء واختصاصيي المهن الطبية المساعدة ما لا يقل عن 80% من وقتهم في المستشفيات
(عدد أفراد الفريق الطبي القتالي الذين يقضون ما لا يقل عن 80% من الدوام السنوي في المستشفيات)",تحقيق التميز في الطب العسكري الميداني,رفع مستوى الاستجابة للتهديدات الدفاعية والأمنية من خلال تطوير قدرات متخصصة للمهمات المطلوبة,يتم تحديدها لاحقا,MA-3_برنامج الكفاءة والتميز  للطب العسكري الميداني,"

بسبب وجود تغيرات في الارتباطات التنظيمية و وجود تغيير في نموذج الصلاحيات الحالية، هناك خطر في مقاومة التغيير على تحديث الحوكمة والارتباطات،  مما يؤثر على تحقيق مستهدفات هذا البرنامج.

",الموائمة المستمرة مع أصحاب المصلحة,"MA-3,MA-2"
MA-4,برنامج التكامل مع شركاء المنظومة,برنامج يهدف الى تعزيز التكامل المشترك في تنفيذ المهام الرئيسية والمهام المساندة وإدامة مفاهيم التخطيط المشترك لتحقيق التكامل في الاستخدام وتعزيز قدرات الاستجابة    ,الشؤون العسكرية,رئيس هيئة العمليات,يتم تحديدها لاحقا,"تكامل بناء  الانظمة والقدرات والتخطيط مع الشركاء في منظومة الأمن والدفاع
(عدد الخطط المشتركة في الوضع الراهن/عدد الخطط المشتركة في الوضع المستهدف)","تحسين الرؤية والتغطية  في المجال الجوي 200 مرة
(من ما يقارب  10آلاف كم2  إلى أكثر من  2مليون كم2  تغطية متكاملة على الصعيد الوطني)",رفع مستوى التكامل لتنفيذ المهام من خلال العمليات المشتركة,يتم تحديدها لاحقا,MA-4_برنامج التكامل مع شركاء المنظومة,بسبب اختلاف وتعدد أصحاب المصلحة الخارجيين ووجود اعتمادية قد تؤثر على الخطة الزمنية لتنفيذ البرنامج,الموائمة المستمرة مع أصحاب المصلحة في منظومتي الأمن والدفاع,"MA-1,MA-6,MA-4"
MA-5,برنامج التميز العملياتي,"يهدف البرنامج إلى العمل على وضع اتفاقيات انتقال وتسليم العمليات والمواقع مع شركاء منظومة الدفاع والأمن لضمان عدم التأثر أثناء الخروج من المهام، مما يحسن تنفيذ وزارة الحرس الوطني لمهامها القائمة",الشؤون العسكرية,رئيس هيئة العمليات,يتم تحديدها لاحقا,"زيادة تركيز القوات على دور ومهام الوزارة بنسبة من 54% إلى 100%
(عدد المشاركات في مهام وزارة الحرس الوطني المستقبلية/ العدد الإجمالي للمشاركة في المهام)","زيادة كفاءة استخدام القوات بنسبة 40%
(من خلال إعادة استخدام القوات نتيجة للخروج الاستراتيجي)",رفع مستوى التكامل لتنفيذ المهام من خلال العمليات المشتركة,يتم تحديدها لاحقا,MA-5_برنامج التميز العملياتي,"*(بسبب اختلاف وتعدد أصحاب المصلحة الخارجيين ووجود اعتمادية قد تؤثر على الخطة الزمنية لتنفيذ البرنامج)
*(بسبب ضعف التكامل والتنسيق على مستوى منظومة الامن والدفاع في الوضع الحالي هناك خطر يتمثل في عدم قدرة شركاء منظومة الأمن والدفاع على تأمين الإنكشافات في المهام المشتركة مما يؤثر على تحقيق مستهدفات هذا البرنامج)",الموائمة المستمرة مع أصحاب المصلحة في منظومتي الأمن والدفاع,لا تعتمد على اي برنامج
MA-6,تعزيز الجاهزية والتفوق في تنفيذ المهام,"يهدف البرنامج إلى وضع خطة عملياتية تفصيلية لمهمة المحافظة على نظام الحكم، و تحسين جداول التنظيم والمعدات،  وكذلك تطوير خطة تضمن تدوير الوحدات القتالية بجاهزية عالية",الشؤون العسكرية,رئيس هيئة العمليات,يتم تحديدها لاحقا,"تعزيز استجابة المنظومة للتهديدات من خلال تطوير قدرات مميزة لمهمة المحافظة على نظام الحكم
(اعتماد الخطة العملياتية، والاتفاقيات مع شركاء منظومة الأمن والدفاع على الأدوار والمسؤوليات)

تعزيز جاهزية القوات بالمقارنة مع جداول التنظيم والمعدات
(من خلال التدريب المخصص وتصنيفات الجاهزية ودورات إعادة الضبط)","رفع الجاهزية العملياتية وإدامة دورة جاهزية القوات
(الفترة الحالية لتدوير الوحدات/ الفترة المستقبلية للتدوير)",تعزيز القدرات العملياتية والجاهزية والمرونة لتحقيق التميز  في أداء المهام,يتم تحديدها لاحقا,MA-6_تعزيز الجاهزية والتفوق في تنفيذ المهام,"•بسبب عدم اكتمال جداول التنظيم والمعدات ، والمهام القائمة حالياً هناك خطر يتمثل في عدم التقيد بموعد نهاية البرنامج في الوقت المحدد له مما يؤثر على البرامج الأخرى ",الموائمة المستمرة مع أصحاب المصلحة,"MA-18,MA-10"
MA-7,برنامج هيكلة وتموضع قوات وزارة الحرس الوطني,"يهدف البرنامج  إلى بناء خطة تتضمن تفعيل وتموضع هيكل القوات الجديد، و بناء خطة تدريب لوحدات هندسة الميدان بالقدرات المستحدثة لديهم",الشؤون العسكرية,رئيس الجهاز العسكري,يتم تحديدها لاحقا,"نشر القدرات المتخصصة لتعزيز أنظمة ميدان المعركة
(عدد هياكل القوات المفعلة حسب الفترات الزمنية في الخطة)

تفعيل خطط التدريب والدعم لوحدات هندسة الميدان
(اعتماد الخطط وبدء التنفيذ )","تعزيز الاستخدام الأمثل للقوات في المهام الدفاعية والأمنية
(اكتمال بناء هياكل القوات المستهدفة)",تعزيز القدرات العملياتية والجاهزية والمرونة لتحقيق التميز  في أداء المهام,يتم تحديدها لاحقا,MA-7_برنامج هيكلة وتموضع قوات وزارة الحرس الوطني,بسبب وجود اعتمادية على عدد من البرامج  هناك خطر يتمثل في عدم انطلاق هذا البرنامج في الوقت. المحدد له مما يؤثر على البرامج  الأخرى كذلك.,"توضيح المهام والارتباطات التنظيمية بالتفصيل لضمان التواصل ومشاركة المعلومات .والمتابعة المستمرة لمبادرات البرامج الأخرى لضمان تنفيذها حسب الجدول الزمني المحدد.
","MA-18,MA-6"
MA-8,برنامج تعزيز كفاءة القوات,يهدف البرنامج على تحديث خطة بناء القدرات وفقاً للدروس المستفادة أو ظروف المرحلة وحاجة الوزارة المستقبلية,الشؤون العسكرية,قائد قيادة المناورة,يتم تحديدها لاحقا,"مواءمة القدرات والإمكانات لتحقيق المتطلبات المستهدفة للمهام
(العدد الحالي للخطط المشتركة/العدد المستقبلي للخطط المشتركة)","تحقيق قدرة عملياتية وجاهزية في أداء المهام من خلال التكامل بين القدرات والقوات
(سد الفجوات في إطار عمل القدرات العسكرية بنسبة 80%)",تعزيز القدرات العملياتية والجاهزية والمرونة لتحقيق التميز  في أداء المهام,يتم تحديدها لاحقا,MA-8_برنامج تعزيز كفاءة القوات,"بسبب اختلاف وتعدد أصحاب المصلحة  
 وضعف التكامل والتنسيق  في الوضع الحالي هناك خطر يتمثل في عدم قدرة الحصول على المعلومات المتعلقة في الاستحواذ والتدريب  مما يؤثر على تحقيق مستهدفات هذا البرنامج.

",•الموائمة المستمرة مع أصحاب المصلحة,"MA-18,MA-7"
MA-9,برنامج تطوير الكليات العسكرية,يهدف  البرنامج للخروج باستراتيجية تطوير للكليات تتضمن تحسين مخرجات الكليات العسكرية من خلال تطوير المناهج التعليمية وتحسين بيئة العمل كذلك.,الشؤون العسكرية,رئيس هيئة التعليم والتدريب,يتم تحديدها لاحقا," رفع مستوى مخرجات الكليات 
(تفعيل استراتيجية التطوير)","تحسين مخرجات الكليات العسكرية بنسبة 90%
(من خلال التغذية العكسية) ",تحقيق التميز من خلال تنمية الموارد البشرية والقدرات,يتم تحديدها لاحقا,MA-9_برنامج تطوير الكليات العسكرية,"بسبب اعتماد استراتيجية تطوير الكليات على استراتيجية التعليم في برنامج  تطوير وتأسيس العقيدة والتدريب، هناك خطر يتمثل في تأخير تطوير استراتيجية الكليات، مما يؤثر على تحقيق مستهدفات هذا البرنامج في الوقت المحدد.",.الموائمة المستمرة مع أصحاب المصلحة لضمان خروج استراتيجية التعليم في الوقت المحدد,MA-6
MA-10,برنامج تأسيس وتطوير العقيدة والتدريب,يهدف البرنامج إلى تحقيق التميز و الخروج باستراتيجية تطوير التعليم وتطوير مدراس الحرس الوطني,الشؤون العسكرية,قائد قيادة التدريب والعقيدة,يتم تحديدها لاحقا,"اكتمال تفعيل قيادة التدريب والعقيدة
(تفعيل جميع عناصر النموذج التشغيلي لقيادة التدريب والعقيدة)","تعزيز تأهيل القوة البشرية 
(الوصول الى نسبة 90%)",تحقيق التميز من خلال تنمية الموارد البشرية والقدرات,يتم تحديدها لاحقا,MA-10_برنامج تأسيس وتطوير العقيدة والتدريب,"بسبب وجود ارتباطات تنظيمية مستحدثة لقيادة التدريب والعقيدة، هناك خطر في صعوبة  التكامل بين قيادة التدريب والعقيدة ووحدات التدريب مما يؤثر على تحقيق مستهدفات هذا البرنامج.",توضيح المهام بالتفصيل بين قيادة التدريب والعقيدة والوحدات التابعة لها لضمان التواصل ومشاركة المعلومات.,"MA-10,EA-3,MA-18,MA-11,MA-6"
MA-11,برنامج تحسين وتخطيط التدريب,"يهدف البرنامج إلى تأسيس آليه مستمرة لتحديث التدريبات، كما يضع خطط لمعالجة التحديات التدريبية الحالية",الشؤون العسكرية,قائد قيادة التدريب والعقيدة,يتم تحديدها لاحقا,"تنفيذ خطة معالجة الفجوات التدريبية
(عدد التحديات التدريبية التي تم حصرها/عدد التحديات التدريبية المخطط لمعالجتها في الخطة)","مسارات تدريبية متخصصة محدثة
(من خلال تفعيل المسارات)",تحقيق التميز من خلال تنمية الموارد البشرية والقدرات,يتم تحديدها لاحقا,MA-11_برنامج تحسين وتخطيط التدريب,"بسبب وجود اعتمادية على برنامج تأسيس وتطوير العقيدة والتدريب ، هناك خطر يتمثل في تأخير تحقيق هذا البرنامج لمستهدفاته، مما يؤثر على تحقيق الفوائد المرجوة من هذا البرنامج.",•المتابعة المستمرة لمبادرات التأسيس والتجهيز لضمان تنفيذها حسب الجدول الزمني المحدد.,"MA-10,MA-11"
MA-12,برنامج إدارة القوى البشرية,برنامج يهدف إلى تحقيق التميز من خلال تمية الموارد البشرية والقدرات من خلال تفعيل النموذج التشغيلي لهئية القوى البشرية بعد الدمج ,الشؤون العسكرية,رئيس هيئة القوى البشرية,يتم تحديدها لاحقا,"اعتماد خطة القوى البشرية وإعداد التقارير
(عدد المسارات الوظيفية الحالية/عدد المسارات الوظيفية في الوضع المستهدف)

تفعيل النموذج التشغيلي لهيئة القوى البشرية بعد الدمج
(استكمال تشغيل الإدارات الموحدة في الهيكل التنظيمي)","تسلسل هرمي متوازن للوزارة على جميع المستويات 
(بالمقارنة مع الوضع الحالي غير المتوازن في توزيع أعداد العميد والرائد والنقيب والملازم والملازم الأول)",تحقيق التميز من خلال تنمية الموارد البشرية والقدرات,يتم تحديدها لاحقا,MA-12_برنامج إدارة القوى البشرية,"بسبب وجود تغيرات في الارتباطات التنظيمية من خلال تغيير واستحداث عدد من الوظائف, هناك خطر يتمثل في مقاومة التغييرات في تحديث الحوكمة , مما يؤثر على تحقيق مستهدفات هذا البرنامج",التواصل بشكل دائم مع أصحاب المصلحة والحصول على مدخلاتهم.,MA-12
MA-13,برنامج تعزيز قدرات الأمن والسلامة,برنامج يهدف إلى تحقيق التميز في آداء المهام من خلال تطبيق سياسات ومعايير موحدة خاصة بالأمن والسلامة على جميع وحدات الحرس الوطني ,الشؤون العسكرية,قائد قيادة إسناد القتال,يتم تحديدها لاحقا,"توحيد سياسات ومعايير خاصة بالأمن والسلامة

(عدد السياسات العامة  الحالية/عدد السياسات  الموحدة في الوضع المستهدف)","رفع وتعزيز قدرات الأمن والسلامة بالوزارة
   (تنفيذ السياسات والمعاير ومتابعتها عبر عمليات التفتيش والتخفيف من المخاطر الأمنية وتعزيز اجراءات السلامة مقارنة بالوضع الراهن)",تعزيز القدرات العملياتية والجاهزية والمرونة لتحقيق التميز  في أداء المهام,يتم تحديدها لاحقا,MA-13_برنامج تعزيز قدرات الأمن والسلامة,"بسبب وجود ارتباطات تنظيمية مستحدثة للقيادات التابعة لقيادة إسناد القتال، هناك خطر في صعوبة  التكامل مما يؤثر على تحقيق مستهدفات هذا البرنامج.",توضيح المهام والارتباطات التنظيمية بالتفصيل بين قيادة خدمات إسناد القتال والموائمة المستمرة مع أصحاب المصلحة,"MA-18,MA-13,MA-16,EA-9"
MA-14,برنامج تعزيز قدرات الاتصالات,برنامج يهدف إلى تعزيز القدرات العملياتية والجاهزية والمرونة لتحقيق التميز في آداء المهام من خلال بناء خطط وسياسات موحدة لجميع وحدات الاتصالات بوزارة الحرس الوطني ,الشؤون العسكرية,قائد سلاح الإشارة,يتم تحديدها لاحقا,"خطط وسياسات موحدة لجميع وحدات الاتصالات بالوزارة
(بدء أعمال وأنشطة هيئة الاتصالات ضمن النموذج التشغيلي للوزارة)","رفع جاهزية القيادة والسيطرة في الوزارة 
(من خلال سياسات وأنظمة موحدة)",تعزيز القدرات العملياتية والجاهزية والمرونة لتحقيق التميز  في أداء المهام,يتم تحديدها لاحقا,MA-14_برنامج تعزيز قدرات الاتصالات,"*بسبب وجود ارتباطات تنظيمية مستحدثة، هناك خطر في صعوبة التكامل مما يؤثر على تحقيق مستهدفات هذا البرنامج
*بسبب تعدد سياسات وأنظمة الاتصالات في الوزارة، ووجود عمليات عسكرية قائمة حاليا هناك خطر يتمثل في عدم الانتهاء من البرنامج في وقته المحدد  مما يؤثر على تأخير تحقيق مستهدفات هذا البرنامج ","*التواصل بشكل دائم مع أصحاب المصلحة والحصول على مدخلاتهم
*تحديد أولويات المهام القائمة حالياً.",MA-14
MA-15,برنامج تطوير الأفواج,برنامج يهدف الى تطوير الأفواج وتعزيز مشاركتهم في مهام وزراة الحرس المستقبلية ,الشؤون العسكرية,وكيل شؤون الأفواج,يتم تحديدها لاحقا,"زيادة  الاستفادة من قوات الأفواج
(من 28%حالياً  إلى نسبة 100% )

إضافة 14٪ للقوات القابلة للمشاركة في العمليات لتلبية احتياجات المهمة
(من خلال تدريب  ورفع مستوى 50% من قوات الأفواج)","استكمال دمج 50% من قوات الأفواج ضمن هياكل القوات 
(تكليف قوات الأفواج بالمهام المخصصة)",تعزيز القدرات العملياتية والجاهزية والمرونة لتحقيق التميز  في أداء المهام,يتم تحديدها لاحقا,MA-15_برنامج تطوير الأفواج,"* بسبب استحداث نموذج تشغيلي والارتباط التنظيمي والهيكلة للافواج هناك خطر يتمثل في مقاومة التغييرات من قبل أصحاب المصلحة مما يؤثر على مستهدفات البرنامج.
*بسبب اختلاف طبيعة التدريب وكذلك المهام والادوار المستحدثة لديهم, هناك خطر يتمثل في صعوبة الاندماج واداء الادوار الجديدة مما يؤثر على مستهدفات البرنامج.","*التواصل بشكل دائم مع أصحاب المصلحة والحصول على مدخلاتهم.
*توفير التدريب المناسب للأفراد حول التحديثات الجديدة وكيفية تطبيقها بفعالية.
*تطوير برنامج توعية وتهيئة مخصص لقوات الأفواج.","MA-7,MA-10"
MA-16,برنامج تعزيز التخطيط العملياتي,برنامج يهدف إلى تعزيز القدرات العملياتية والجاهزية والمرونة لتحقيق التميز في آداء المهام من خلال تفعيل النموذج التشغيلي لهيئة الخطط ,الشؤون العسكرية,رئيس هيئة الخطط  ,يتم تحديدها لاحقا,"تفعيل النموذج التشغيلي لهيئة الخطط
(استكمال تشغيل إدارات  الهيئة في الهيكل التنظيمي)

تعزيز  استخدام القوات بمعدل يصل إلى
 2.3 مرة
 (للقوات المخصصة لمهام محددة، كتائب الحج  والعمرة على سبيل المثال)",جهات تخطيط منفصلة للعمليات الحالية والمستقبلية  ,تعزيز القدرات العملياتية والجاهزية والمرونة لتحقيق التميز  في أداء المهام,يتم تحديدها لاحقا,MA-16_برنامج تعزيز التخطيط العملياتي,"

بسبب وجود تغيرات في الارتباطات التنظيمية من خلال تغيير واستحداث عدد من الوظائف, هناك خطر يتمثل في مقاومة التغييرات والاستحداثات المطلوبة ، مما يؤثر على تحقيق مستهدفات هذا البرنامج.


",التواصل بشكل دائم مع أصحاب المصلحة والحصول على مدخلاتهم و مشاركة أصحاب العلاقة في الوزارة للتهيئة والتجهيز لجميع مبادرات المرحلة الصفرية قبل انطلاقها.,MA-16
MA-17,برنامج تطوير الخدمات اللوجستية,برنامج يهدف الى رفع الجاهزية في مجال استدامة القدرات من خلال تطوير السياسات والممكنات اللازمة لتلبية احتياجات القوات ,الشؤون العسكرية,رئيس هيئة الإمداد والتموين,يتم تحديدها لاحقا,"استحداث جهة مركزية لإدارة وتخزين جميع أصناف التموين
(استكمال تفعيل قيادة إسناد المعدات والتموين)

تحديث نظام الإمداد والتموين المركزي
(تفعيل خطط البنية التحتية للخدمات اللوجستية)","تحسن بمقدار 3.4 أضعاف في التغطية اللوجستية لمناطق تنفيذ المهام 
(من مسافة تصل إلى 400 كم من قواعد الإمداد والتموين اليوم إلى تغطية وطنية)",تعزيز القدرات العملياتية والجاهزية والمرونة لتحقيق التميز  في أداء المهام,يتم تحديدها لاحقا,MA-17_برنامج تطوير الخدمات اللوجستية,بسبب اختلاف وضعف البنية التحتية في الخدمات اللوجستية التقنية لدى الجهات هناك خطر يتمثل في صعوبة توحيد البنية التحتية للخدمات اللوجستية بما يحقق مصالح جميع تلك الجهات مما يؤثر على مستهدفات البرنامج., التنسيق المستمر والمواءمة مع محفظة الشؤون التنفيذية لدراسة الحلول التقنية فيما يتعلق بالخدمات اللوجستية ومتطلبات البنية التحتية.,"EA-3,MA-17,MA-6,MA-18"
MA-18,تطوير المنظومة القيادية في الجهاز العسكري,برنامج يهدف إلى بناء عمل مؤسسي للوصول إلى كفاءة وفاعلية أعلى من خلال رفع قدرة رئيس الجهاز العسكري في التركيز على المستهدفات والأولويات الاستراتيجية ,الشؤون العسكرية,رئيس الجهاز العسكري,يتم تحديدها لاحقا,"رفع قدرة رئيس الجهاز العسكري في التركيز على المستهدفات والأولويات الاستراتيجية بنسبة 50%
 (من خلال خفض 41 ارتباط مباشر إلى 13 ارتباط مباشر)

تفعيل وبدء أنشطة القيادات ضمن النموذج التشغيلي المستهدف","رفع القدرة التركيز على المستهدفات والأولويات الاستراتيجية من خلال خفض الارتباطات الإدارية
(تخفيض الارتباط الإداري المباشر بنسبة 50%)
",بناء العمل المؤسسي للوصول إلى كفاءة وفاعلية أعلى,يتم تحديدها لاحقا,MA-18_تطوير المنظومة القيادية في الجهاز العسكري,"بسبب وجود تغيرات في الارتباطات التنظيمية من خلال تغيير واستحداث عدد من الوظائف, هناك خطر يتمثل في مقاومة التغييرات في تحديث الحوكمة , مما يؤثر على تحقيق مستهدفات هذا البرنامج",التواصل بشكل دائم مع أصحاب المصلحة والحصول على مدخلاتهم.,"MA-18,MA-6,EA-2,EA-21"
MA-19,برنامج التميز المؤسسي العسكري, يرنامج يهدف الى رفع الكفاءة التشغيلية و زيادة التخصص في المهام وتحسين إنجاز المخرجات وضمان الكفاءة التشغيلية وتحقيق أهداف التحول ,الشؤون العسكرية,نائب رئيس الجهاز العسكري,يتم تحديدها لاحقا,"استكمال تطوير وتفعيل السياسات والصلاحيات المنظمة للأدوار والمسؤوليات
(السياسات في الوضع الراهن/ السياسات في الوضع المستهدف)

رفع قدرة رئيس الجهاز العسكري في التركيز على المستهدفات والأولويات الاستراتيجية بنسبة 50%
 (من خلال خفض 41 ارتباط مباشر إلى 13 ارتباط مباشر)","رفع القدرة التركيز على المستهدفات والأولويات الاستراتيجية من  خلال خفض الارتباطات الإدارية
(تخفيض الارتباط الإداري المباشر بنسبة 50%)",بناء العمل المؤسسي للوصول إلى كفاءة وفاعلية أعلى,يتم تحديدها لاحقا,MA-19_برنامج التميز المؤسسي العسكري,"بسبب وجود تغيرات الحوكمة الجديدة من خلال  تغيير واستحداث عدد من الوظائف, هناك خطر يتمثل في مقاومة التغييرات في تحديث الحوكمة , مما يؤثر على تحقيق مستهدفات هذا البرنامج",•الموائمة المستمرة مع أصحاب المصلحة,"MA-18,EA-2,MA-19,EA-1"
MA-20,برنامج تطوير وتكامل القدرات,برنامج يهدف إلى تعزيز القدرات العملياتية والجاهزية والمرونة لتحقيق التميز في آداء المهام من خلال تأسيس بنية تنظيمية متكاملة لبناء وتكامل القدرات ,الشؤون العسكرية,إدارة تكامل القدرات,يتم تحديدها لاحقا,"تأسيس بنية تنظيمية متكاملة لبناء وتكامل القدرات

(تفعيل وبدء أنشطة الإدارات ضمن النموذج التشغيلي المستهدف)","ضمان ملائمة القدرات مع مهام وزارة الحرس
الوطني وعناصر تكامل القدرات  
(سد الفجوات في إطار عمل القدرات العسكرية بنسبة 80%)",تعزيز القدرات العملياتية والجاهزية والمرونة لتحقيق التميز  في أداء المهام,يتم تحديدها لاحقا,MA-20_برنامج تطوير وتكامل القدرات,"بسبب وجود تغيرات في الارتباطات التنظيمية من خلال تغيير واستحداث عدد من الوظائف, هناك خطر يتمثل في مقاومة التغييرات في تحديث الحوكمة , مما يؤثر على تحقيق مستهدفات هذا البرنامج",التواصل بشكل دائم مع أصحاب المصلحة والحصول على مدخلاتهم.,"EA-1,EA-24"
