InitiativeID#,stakeholders
SO.1.1,المشتريات والاستحواذ
SO.1.1,قيادة إسناد الامداد والتموين في وزارة الحرس الوطني
SO.1.1,هيئة الامداد والتموين
SO.1.10,أكثر من إدارة في وزارة الحرس الوطني
SO.1.10,الخدمات الرقمية والتقنية
SO.1.11,أكثر من إدارة في وزارة الحرس الوطني
SO.1.12,الخدمات الرقمية والتقنية
SO.1.13,أكثر من إدارة في وزارة الحرس الوطني
SO.1.15,الإدارة العامة للسياسات
SO.1.17,أكثر من إدارة في وزارة الحرس الوطني
SO.1.18,أكثر من إدارة في وزارة الحرس الوطني
SO.1.19,ادارة الآداء
SO.1.19,إدارة الأداء
SO.1.19,التطوير والعمليات
SO.1.19,الخدمات الرقمية والتقنية
SO.1.19,تقنية المعلومات للشؤون الصحية
SO.1.19,جهات الوزارة كاملة
SO.1.19,سلاح الاشارة
SO.1.19,سلاح الإشارة
SO.1.19,هيئة الاتصالات
SO.1.2,رئيس الجهاز العسكري
SO.1.2,شؤون الأفواج
SO.1.2,قيادات المناطق
SO.1.20,الشؤون التنفيذية
SO.1.20,الموارد البشرية
SO.1.20,الموارد البشرية – الشؤون الصحية
SO.1.20,تقنية المعلومات في الشؤون الصحية
SO.1.20,هيئة الاتصالات
SO.1.21,الخدمات الرقمية والتقنية
SO.1.22,ادارات امن المعلومات
SO.1.22,إدارة الأمن السيبراني بوزارة الحرس الوطني CISO
SO.1.23,إدارة الأمن السيبراني بوزارة الحرس الوطني
SO.1.23,الموارد البشرية والجهات المعنية بالتعليم والتدريب
SO.1.25,إدارة التدريب
SO.1.25,المدراء الاقليمين للموارد البشرية
SO.1.25,المديرين المباشرين
SO.1.26,إدارة المواهب
SO.1.26,مدير التطوير والتدريب
SO.1.27,خدمات الموظفين (المنطقة)
SO.1.27,عمليات الموارد البشرية (المنطقة)
SO.1.27,قسم تخطيط الموارد البشرية
SO.1.27,مدير خدمات الموظفين
SO.1.28,إدارة التوظيف
SO.1.28,الشؤون الإعلامية
SO.1.28,الطب العسكري الميداني
SO.1.30,التعويضات والمزايا (في المناطق)
SO.1.30,مدير التعويضات والمزايا في المقر الرئيسي
SO.1.31,خدمات الموظفين (المنطقة)
SO.1.31,مدير خدمات الموظفين
SO.1.32,مدير إدارة المواهب
SO.1.32,مدير التعويضات والمزايا
SO.1.32,مدير الموارد البشرية
SO.1.32,مدير تخطيط الموارد البشرية
SO.1.4,الإدارة العامة للموارد البشرية
SO.1.4,مجلس وزارة الحرس الوطني
SO.1.4,مكتب الوزير
SO.1.44,كل قوات الوزارة
SO.1.44,كل وظائف الوزارة
SO.1.45,إدارة العقيدة العسكرية
SO.1.45,قوات الحرس الوطني
SO.1.45,مراكز التدريب في وزارة الحرس الوطني
SO.1.45,هيئة التعليم والتدريب
SO.1.46,قوات الحرس الوطني
SO.1.47,إسناد التموين والمعدات
SO.1.47,سلاح الإشارة
SO.1.47,قوات الحرس الوطني
SO.1.47,وحدة الأسلحة والذخيرة
SO.1.48,قيادة إسناد القتال
SO.1.48,وحدات الشرطة العسكرية
SO.1.5,أكثر من إدارة في وزارة الحرس الوطني
SO.1.50,التدريب والتعليم
SO.1.50,وحدات هندسة الميدان في الوزارة
SO.1.51,كافة قوات الوزارة
SO.1.51,هيئة العمليات
SO.1.52,جميع الجهات في وزارة الحرس الوطني
SO.1.53,الاستخبارات العملياتية
SO.1.53,قوات الحرس الوطني
SO.1.55,قوات الحرس الوطني
SO.1.55,قيادة التدريب والعقيدة
SO.1.56,جميع جهات الوزارة
SO.1.57,أكثر من إدارة في وزارة الحرس الوطني
SO.1.58,جميع أصحاب المصلحة لهذه المبادرة
SO.1.58,والتفريق بينهم بسطر جديد
SO.1.59,رئيس الجهاز العسكري
SO.1.59,هيئة التعليم والتدريب
SO.1.59,وكيل الوزارة
SO.1.62,G4
SO.1.62,G5
SO.1.62,G7)
SO.1.62,الجهاز العسكري في الوزارة (G3
SO.1.62,الشؤون المالية
SO.1.62,برنامج تطوير وزارة الحرس الوطني
SO.1.62,عناصر القوات في الوزارة
SO.1.62,ممثلو المستخدم النهائي في وزارة الحرس الوطني
SO.1.62,وكالة المشتريات و التسليح
SO.1.8,مكتب سمو الوزير
SO.1.8,مكتب مساعد الوزير للشؤون التنفيذية
SO.1.9,أكثر من إدارة في وزارة الحرس الوطني
SO.1.93.1,المنسوبين المكلفين من الوزارة للعمل مع مركز بناء القدرات
SO.1.93.2,المنسوبين المكلفين من الوزرة للعمل مع مركز بناء القدرات
SO.1.94,أكثر من إدارة في وزارة الحرس الوطني
SO.2.1,جميع قوات الوزارة
SO.2.1,هيئة الخطط
SO.2.1,هيئة العمليات
SO.2.12,الاستخبارات العملياتية
SO.2.12,جهات استخباراتية أخرى
SO.2.12,رئاسة الاستخبارات العامة
SO.2.12,مركز الأمن الوطني
SO.2.12,وزارة الداخلية
SO.2.12,وزارة الدفاع
SO.2.13,الاستخبارات العملياتية
SO.2.13,جميع الإدارات بالوزارة
SO.2.13,رئيس الجهاز العسكري
SO.2.13,قوات الحرس الوطني
SO.2.13,نائب رئيس الجهاز العسكري
SO.2.15,الاستحواذ
SO.2.15,التخطيط الاستراتيجي
SO.2.15,تطوير القوات والقدرات
SO.2.15,تكامل القوات والقدرات
SO.2.15,خدمات اسناد القتال
SO.2.2,جميع قوات الوزارة
SO.2.2,هيئة الخطط
SO.2.2,هيئة العمليات
SO.2.4,الشؤون الصحية
SO.2.4,العقيدة العسكرية
SO.2.4,واستراتيجية الطب العسكري الميداني
SO.2.4,والخدمات العسكرية
SO.2.4,والسياسات والشؤون المالية
SO.2.4,ورئيس الجهاز العسكري
SO.2.4,وقائد الطب العسكري الميداني
SO.2.6,"قائد الطب العسكري الميداني
المدير العام التنفيذي للشؤون الصحية
مدير الشؤون الطبية
مرافق الشؤون الصحية"
SO.2.7,مكتب الوزير
SO.2.8,كل قوات الوزارة
SO.2.9,وزارة الدفاع
SO.3.10,أكثر من إدارة في وزارة الحرس الوطني
SO.3.100,"جميع الجهات العسكرية
قادة الجهاز العسكري"
SO.3.101,رئيس الجهاز العسكري
SO.3.101,هيئة العمليات
SO.3.101,وكالة الشؤون الهندسية والمرافق
SO.3.102,الهيئات
SO.3.102,رئيس الجهاز العسكري
SO.3.102,لجنة الميزانية وإدارات ديوان الوزارة
SO.3.104,رئيس الجهاز العسكري
SO.3.104,قيادات الجهاز العسكري
SO.3.104,هيئات الجهاز العسكري
SO.3.105,رئيس الجهاز العسكري
SO.3.105,رئيس هيئة الخطط
SO.3.105,لجنة الميزانية
SO.3.106,رئيس الجهاز العسكري
SO.3.106,سلاح الاشارة
SO.3.106,لجنة الميزانية
SO.3.106,هيئة الاستخبارات
SO.3.107,رئيس الجهاز العسكري
SO.3.107,لجنة الميزانية
SO.3.107,هيئة الاتصالات بوزارة الحرس الوطني
SO.3.107,هيئة الاستخبارات
SO.3.108,"رئيس الجهاز العسكري
هيئة التعليم والتدريب
الإدارة العامة للسياسات
الإدارة العامة للتخطيط الاستراتيجي"
SO.3.109,وحدات الجهاز العسكري
SO.3.11,إدارة السياسات
SO.3.11,الإدارة العامة للموارد البشرية
SO.3.11,مكتب الوزير
SO.3.112,الهيئات
SO.3.112,رئيس الجهاز العسكري
SO.3.112,لجنة الميزانية
SO.3.112,نائب رئيس الجهاز العسكري
SO.3.113,جميع إدارات الوزارة في المقر الرئيسي
SO.3.115,"الشؤون الفنية
هيئة الإمداد والتموين"
SO.3.116,الأسلحة والذخيرة
SO.3.116,سلاح الاشارة
SO.3.116,قوات الحرس الوطني
SO.3.116,قواعد التموين
SO.3.117,كل وظائف الوزارة
SO.3.118,خبراء في المجال
SO.3.118,قيادات الجهاز العسكري
SO.3.118,كل وظائف وزارة الحرس الوطني
SO.3.118,وكيل الأفواج
SO.3.12,أكثر من إدارة في وزارة الحرس الوطني
SO.3.121,جميع الجهات في الوزارة
SO.3.122,إدارة القدرات
SO.3.122,الإدارة العامة لتقنية المعلومات للشؤون الصحية
SO.3.122,الإدارة العامة لتقنية وأمن المعلومات
SO.3.122,الشؤون الفنية
SO.3.122,مكتب إدارة المشاريع في الشؤون الصحية
SO.3.122,وزير الحرس الوطني.
SO.3.123,إدارة القدرات
SO.3.123,الإدارة العامة لتقنية وأمن المعلومات
SO.3.123,الشؤون الفنية
SO.3.123,مكتب إدارة المشاريع المؤسسي
SO.3.123,وزير الحرس الوطني
SO.3.124,ادارات امن المعلومات
SO.3.124,الموارد البشرية
SO.3.125,الأستئناف العسكري
SO.3.125,التحقيق والادعاء العسكري
SO.3.125,ديوان المحاكمات العسكرية
SO.3.125,مكتب الوزير
SO.3.132,جميع الإدارات الإدارية
SO.3.132,رئيس الجهاز العسكري
SO.3.133,الإدارة العامة لتقنية وأمن المعلومات
SO.3.133,جميع الإدارات الإدارية
SO.3.133,رئيس الجهاز العسكري
SO.3.133,وكيل الوزارة
SO.3.133.1,"وكيل الوزارة
الإدارة العامة لتقنية وأمن المعلومات
رئيس الجهاز العسكري
هيئة التعليم والتدريب
هيئة الإمداد والتموين"
SO.3.134,التدريب والعقيدة
SO.3.134,الهيئات
SO.3.134,رئيس الجهاز العسكري
SO.3.134,كلية الملك عبدالله للقيادة والأركان
SO.3.135,التدريب والعقيدة
SO.3.135,الهيئات
SO.3.135,رئيس الجهاز العسكري
SO.3.136,التدريب والعقيدة
SO.3.136,الهيئات
SO.3.136,رئيس الجهاز العسكري
SO.3.137,الهيئات
SO.3.137,رئيس الجهاز العسكري
SO.3.137,وحدات الحرس الوطني
SO.3.138,الإدارة العامة لشؤون الضباط
SO.3.138,نائب الوزير
SO.3.138,هيئة شؤون الأفراد
SO.3.138,وحدات الحرس الوطني
SO.3.140,الإدارة العامة للحوكمة والمخاطر والإلتزام
SO.3.143,إدارة المخزون
SO.3.143,المنشئات الصحية
SO.3.144,المشتريات العامة
SO.3.144,الهيئة العامة للصناعات العسكرية
SO.3.144,برنامج تطوير وزارة الحرس الوطني
SO.3.144,مركز بناء القدرات
SO.3.144,مكتب إدارة المشاريع المؤسسي
SO.3.152,برنامج تطوير وزارة الحرس الوطني
SO.3.152,قسم الموارد البشرية
SO.3.152,مركز بناء القدرات
SO.3.152,موظفو أقسام وزارة الحرس الوطني
SO.3.152,موظفو بإدارات تطوير وإدارة القوات والقدرات والاستحواذ والمشتريات في وزارة الحرس الوطني
SO.3.153,إدارة التواصل من الشؤون الصحية التابعة للوزارة
SO.3.153,أكثر من إدارة في وزارة الحرس الوطني
SO.3.153,جامعة الملك سعود للعلوم الصحية
SO.3.153,كلية الملك خالد العسكرية
SO.3.153,مركز الملك عبد العزيز لأمراض وجراحة القلب بمستشفى الحرس الوطني
SO.3.153,مركز الملك عبد الله العالمي للأبحاث الطبية (كيمارك)
SO.3.154,G4
SO.3.154,G5
SO.3.154,G7)
SO.3.154,الإدارة المالية
SO.3.154,الجهات المسؤولة عن القدرات في وزارة الحرس الوطني
SO.3.154,الجهاز العسكري في وزارة الحرس الوطني (G3
SO.3.154,برنامج تطوير وزارة الحرس الوطني
SO.3.154,مركز بناء القدرات
SO.3.154,وكالة المشتريات والتسليح في وزارة الحرس الوطني
SO.3.155,رؤساء التفتيش في المقر الرئيسي للوزارة وفي القطاعي الغربي والشرقي.
SO.3.155,رئيس إدارة المراجعة الداخلية في الشؤون الصحية للحرس الوطني.
SO.3.155,مدراء الإدارات في وزارة الحرس الوطني.
SO.3.155,مدير إدارة الموارد البشرية.
SO.3.157,جميع منسوبي الوزارة
SO.3.157,مركز الاتصال والإعلام بوزارة الحرس الوطني
SO.3.157,مكتب الوزير
SO.3.16,أكثر من إدارة في وزارة الحرس الوطني
SO.3.160,الإدارة العامة لتقنية وأمن المعلومات
SO.3.160,الأفواج المعنية
SO.3.160,رئيس الجهاز العسكري
SO.3.160,وكالة شؤون الأفواج
SO.3.17,أكثر من إدارة في وزارة الحرس الوطني
SO.3.18,الأسلحة والذخيرة
SO.3.18,جميع القوات
SO.3.18,سلاح الإشارة
SO.3.18,قواعد التموين
SO.3.19,أكثر من إدارة في وزارة الحرس الوطني
SO.3.2,"قسم التدريب في الطب العسكري الميداني
القائد (قائد الطب العسكري الميداني)
الخطوط الأمامية
الشؤون الصحية في وزارة الحرس الوطني 
استراتيجية الطب العسكري الميداني"
SO.3.20,أكثر من إدارة في وزارة الحرس الوطني
SO.3.21,أكثر من إدارة في وزارة الحرس الوطني
SO.3.22,أكثر من إدارة في وزارة الحرس الوطني
SO.3.24,أكثر من إدارة في وزارة الحرس الوطني
SO.3.25,التخطيط الاستراتيجي
SO.3.26,الإدارة العامة للسياسات
SO.3.26,الإدارة العامة للموارد البشرية
SO.3.26,مكتب الوزير
SO.3.27,إدارات الشؤون التنفيذية
SO.3.28,أكثر من إدارة في وزارة الحرس الوطني
SO.3.29,أكثر من إدارة في وزارة الحرس الوطني
SO.3.3,أفراد الطب العسكري الميداني
SO.3.3,خدمات نظام بيست كير
SO.3.3,مركز تقنية المعلومات الشؤون الصحية
SO.3.30,الخدمات الرقمية والتقنية
SO.3.31,أكثر من إدارة في وزارة الحرس الوطني
SO.3.32,التخطيط الاستراتيجي.
SO.3.33,الخدمات الرقمية والتقنية
SO.3.33,مكتب الوزير
SO.3.34,الإدارة العامة للسياسات
SO.3.35,الإدارة العامة للموارد البشرية
SO.3.36,الإدارة المالية
SO.3.36,الخدمات الرقمية والتقنية
SO.3.36,الخدمات المشتركة
SO.3.36,المشتريات
SO.3.36,الموارد البشرية
SO.3.37,التخطيط الاستراتيجي
SO.3.37,السياسات
SO.3.39,التنسيق الاستراتيجي
SO.3.39,برنامج تطوير وزارة الحرس الوطني
SO.3.39,تقنية المعلومات للشؤون الصحية
SO.3.39,تقنية المعلومات والاتصالات
SO.3.39,هيئة الاتصالات
SO.3.4,جميع إدارات الطب العسكري الميداني
SO.3.40,تقنية المعلومات بالشؤون الصحية
SO.3.40,تقنية المعلومات للشؤون الصحية
SO.3.40,هيئة الاتصالات
SO.3.40,وكالة الخدمات الرقمية والتقنية
SO.3.41,البحث والتطوير
SO.3.41,التخطيط الإستراتيجي
SO.3.41,وزارة الحرس الوطني بالكامل
SO.3.42,ادارات الاعمال
SO.3.42,إدارة الأداء
SO.3.42,تقنية المعلومات للشؤون الصحية
SO.3.42,تقنية المعلومات والاتصالات
SO.3.42,هيئة الاتصالات
SO.3.43,ادارات الوزارة حسب الحاجة
SO.3.43,الشؤون القانونية
SO.3.43,المشتريات
SO.3.45,ادارة السياسات
SO.3.45,الخدمات الرقمية والتقنية
SO.3.45,تقنية المعلومات للشؤون الصحية
SO.3.45,هيئة الاتصالات
SO.3.46,ادارات الخدمات الرقمية والتقنية
SO.3.46,إدارة البيانات
SO.3.46,تقنية المعلومات للشؤون الصحية
SO.3.46,هيئة الاتصالات
SO.3.47,ادارات الاعمال
SO.3.47,إدارة الأداء
SO.3.47,إدارة البيانات
SO.3.47,تقنية المعلومات للشؤون الصحية
SO.3.47,تقنية المعلومات والاتصالات
SO.3.47,هيئة الاتصالات
SO.3.47.1,الخدمات الرقمية والتقنية والأمن السيبراني
SO.3.47.1,قاعدة إسناد التدريب
SO.3.47.1,كلية الملك خالد العسكرية
SO.3.47.1,كلية الملك عبدالله للقيادة والأركان
SO.3.47.1,مدارس الحرس الوطني
SO.3.47.1,هيئة التعليم والتدريب
SO.3.48,إدارة الأداء
SO.3.48,إدارة البيانات
SO.3.48,وزارة الحرس الوطني بالكامل
SO.3.49,إدارة الأداء
SO.3.49,إدارة البيانات
SO.3.49,التدريب والتعليم
SO.3.49,تقنية المعلومات للشؤون الصحية
SO.3.49,هيئة الاتصالات
SO.3.50,إدارة الأمن السيبراني
SO.3.50,إدارة البيانات
SO.3.50,الشؤون العسكرية
SO.3.50,هيئة الاتصالات
SO.3.50,وكالة الخدمات الرقمية والتقنية
SO.3.51,التطوير والعمليات
SO.3.51,الخدمات الرقمية والتقنية
SO.3.51,الشؤون الفنية
SO.3.51,تقنية المعلومات للشؤون الصحية
SO.3.51,هيئة الإتصالات
SO.3.52,الشؤون الفنية
SO.3.52,تقنية المعلومات للشؤون الصحية
SO.3.52,كلية الملك خالد
SO.3.52,كلية الملك عبدالله
SO.3.52,هيئة الاتصالات
SO.3.53,إدارة الأداء
SO.3.53,إدارة الأمن السيبراني
SO.3.53,إدارة البيانات
SO.3.53,تقنية المعلومات للشؤون الصحية
SO.3.53,هيئة الاتصالات
SO.3.54,إدارة الأداء
SO.3.54,إدارة البيانات
SO.3.54,تقنية المعلومات للشؤون الصحية
SO.3.54,هيئة الاتصالات
SO.3.55,إدارات أمن المعلومات
SO.3.55,مراكز العمليات الأمنية بوزارة الحرس الوطني
SO.3.56,إدارة الأمن السيبراني بوزارة الحرس الوطني
SO.3.56,الخدمات الرقمية والتقنية
SO.3.56,تقنية المعلومات للشؤون الصحية
SO.3.56,هيئة الإتصالات
SO.3.57,إدارات أمن المعلومات
SO.3.57,الخدمات الرقمية والتقنية
SO.3.58,إدارات أمن المعلومات
SO.3.58,الخدمات الرقمية والتقنية
SO.3.59,ادارات امن المعلومات
SO.3.59,ادارات تقنية المعلومات والاتصالات
SO.3.59,الموارد البشرية
SO.3.6,جميع إدارات الوزارة
SO.3.60,ادارات أمن المعلومات
SO.3.60,ادارات تقنية المعلومات
SO.3.61,ادارات أمن المعلومات
SO.3.62,إدارات أمن المعلومات
SO.3.62,إدارة الشؤون القانونية
SO.3.62,الإدارة العامة للسياسات
SO.3.62,فرق وضع الاستراتيجية
SO.3.62,وكالة الشؤون الاستراتيجية والسياسات
SO.3.63,إدارات الأعمال
SO.3.63,إدارات تقنية المعلومات
SO.3.63,الشرطة العسكرية
SO.3.63,الموارد البشرية
SO.3.63,سلاح الإشارة
SO.3.63,وحدات الأعمال الأخرى
SO.3.64.1,ادارات الاعمال
SO.3.64.1,ادارات أمن المعلومات
SO.3.64.1,ادارات تقنية المعلومات
SO.3.64.2,ادارات الاعمال
SO.3.64.2,ادارات أمن المعلومات
SO.3.64.2,ادارات تقنية المعلومات
SO.3.65.1,ادارات الاعمال
SO.3.65.1,ادارات أمن المعلومات
SO.3.65.1,ادارات تقنية المعلومات
SO.3.65.2,ادارات الاعمال
SO.3.65.2,ادارات أمن المعلومات
SO.3.65.2,ادارات تقنية المعلومات
SO.3.66,"ادارات تقنية المعلومات
تقنية المعلومات المؤسسية
هيئة الاتصالات
تقنية المعلومات للشؤون الصحية"
SO.3.68,الرئيس التنفيذي
SO.3.68,مدراء إدارات الموارد البشرية والقوى العاملة والتوظيف
SO.3.69,رئيس الجهاز العسكري
SO.3.69,هيئة التعليم والتدريب
SO.3.69,وحدات الحرس الوطني
SO.3.7,أكثر من إدارة في وزارة الحرس الوطني
SO.3.72,إدارة البيانات وذكاء الأعمال
SO.3.72,إدارة تقنية المعلومات
SO.3.72,مدير إدارة القوى العاملة
SO.3.72,مدير الإدارة العامة للموارد البشرية
SO.3.75,مدير الإدارة العامة للموارد البشرية
SO.3.76,إدارات الوزارة
SO.3.76,المراجعة الداخلية في الشؤون الصحية
SO.3.76,المراجعة الداخلية في الوزارة
SO.3.76,مكتب الوزير
SO.3.8,إدارات وزارة الحرس الوطني ذات العلاقة
SO.3.8,الإدارة العامة للحوكمة والمخاطر والإلتزام
SO.3.94,مكتب الوزير
SO.3.94,وكالة الشؤون الاستراتيجية والسياسات
SO.3.95,إدارة الأمن والسلامة
SO.3.95,إدارة السياسات
SO.3.95,إدارة المراجعة والتدقيق (حال إنشاءها)
SO.3.95,مكتب رئيس الجهاز العسكري
SO.3.95,هيئة الطيران
SO.3.97,مكتب إدارة المشاريع المؤسسي
SO.3.99,إدارات الوزارة
SO.3.99,إدارة الموارد البشرية في الوزارة
SO.3.99,التدريب والعقيدة
SO.3.99,هيئة التعليم والتدريب
SO.4.1,أكثر من إدارة في وزارة الحرس الوطني
SO.4.11,إدارة التواصل من الشؤون الصحية
SO.4.11,الإدارة العامة للموارد البشرية
SO.4.22,كافة جهات وزارة الحرس الوطني
SO.4.4,خدمات الموظفين (المنطقة)
SO.4.4,خدمات الموظفين (على مستوى المناطق)
SO.4.4,عمليات الموارد البشرية (المنطقة)
SO.4.4,مدير التطوير التنظيمي
SO.4.4,مدير خدمات الموظفين
SO.4.9,إدارة الشؤون الثقافية والاجتماعية والرياضية
SO.4.9,رئيس الجهاز العسكري
SO.5.1,مستشفيات الشؤون الصحية
SO.5.1,موظفين الشؤون الصحية
SO.5.4,هيئة الإمداد والتموين
SO.5.4,هيئة العمليات
SO.5.5,الإدارة العامة للشؤون القانونية
SO.5.5,الشركات المحلية ذات العلاقة
SO.5.5,الهيئة العامة للصناعات العسكرية
SO.5.5,مكتب إدارة المشاريع المؤسسي
SO.5.5,هيئة المحتوى المحلي
SO.5.7,إدارة تكامل القدرات
SO.5.7,الهيئة العامة للصناعات العسكرية
SO.5.7,لجنة الاستثمار والتسليح
SO.5.7,هيئة المحتوى المحلي
SO.5.7,هيئة كفاءة الانفاق والمشروعات الحكومية
SO.6.20,رئيس الجهاز العسكري
SO.6.20,قائد المنطقة
SO.6.20,كل القوات
SO.6.21,رئيس الجهاز العسكري
SO.6.21,قائد المنطقة
SO.6.21,كل القوات
SO.6.23,قيادة إسناد القتال
SO.6.23,قيادة المناورة
SO.6.25,رئيس الجهاز العسكري
SO.6.25,قوات الحرس الوطني
SO.6.25,قيادات المناطق
SO.6.26,رئيس الجهاز العسكري
SO.6.26,قوات الحرس الوطني
SO.6.26,قيادات المناطق
SO.6.26,هيئات الجهاز العسكري
SO.6.26,وحدات إسناد القتال
SO.6.27,رئيس الجهاز العسكري
SO.6.27,قوات الحرس الوطني
SO.6.27,قيادات المناطق
SO.6.27,هيئات الجهاز العسكري
SO.6.27,وحدات خدمات إسناد القتال
SO.6.3,جميع منسوبي وزارة الحرس الوطني من العسكريين المكلفين في مهام ميدانية
SO.6.30,الهيئات
SO.6.30,تطوير القوات والقدرات
SO.6.30,تكامل القوات والقدرات
SO.6.30,وزارة الدفاع
SO.6.31,رئاسة أمن الدولة
SO.6.31,وزارة الخارجية
SO.6.31,وزارة الداخلية
SO.6.31,وزارة الدفاع
SO.6.31,وزارة الصحة
SO.6.33,G4
SO.6.33,G5
SO.6.33,G7)
SO.6.33,الجهاز العسكري في الوزارة (G3
SO.6.33,الشؤون المالية
SO.6.33,برنامج تطوير وزارة الحرس الوطني
SO.6.33,وكالة المشتريات و التسليح
SO.6.4,أفراد الطب العسكري الميداني
SO.6.4,الاستراتيجية والسياسة في الطب العسكري الميداني
SO.6.4,والشؤون المالية في وزارة الحرس الوطني
SO.6.4,والعمليات قيادة الطب العسكري الميداني
SO.6.5,S1
SO.6.5,S2 – ركن الاستخبارات في قيادة الطب العسكري الميداني
SO.6.5,S3 – ركن العمليات في قيادة الطب العسكري الميداني
SO.6.5,S4
SO.6.5,الطب النفسي
SO.6.5,الكتيبة الطبية
SO.6.5,المدرسة العسكرية
SO.6.5,ركن الامداد والتموين
SO.6.5,ركن شؤون الأفراد في قيادة الطب العسكري الميداني
SO.6.5,قيادة الطب العسكري الميداني في المنطقة الشرقية
SO.6.5,قيادة الطب العسكري الميداني في المنطقة الغربية
SO.6.5,مستشفى صقر الجزيرة 1
SO.6.50,إدارة المستودعات العامة
SO.6.50,الإدارة العامة للأسلحة والذخيرة
SO.6.50,هيئة الإمداد والتموين
SO.6.51,رئيس الجهاز العسكري
SO.6.6,الشؤون القانونية
SO.6.6,مكتب الوزير
SO.6.7,أكثر من إدارة في وزارة الحرس الوطني
SO.7.1,الشؤون القانونية
SO.7.1,مكتب الوزير
SO.7.2,أعضاء لجنة تأكيد المخاطر والمراجعة الداخلية وإدارة المخاطر والمراجعة الداخلية والالتزام
SO.7.2,الوكلاء ومساعدي الوكلاء والمدراء التنفيذيين
SO.7.2,سمو وزير الحرس الوطني.
SO.7.2,مدراء الإدارات في وزارة الحرس الوطني.
SO.7.2,نائب ومساعدي سمو وزير الحرس الوطني
SO.7.4,كل القوات
SO.7.5,اسناد القتال
SO.7.5,التخطيط الاستراتيجي
SO.7.5,الهيئات
SO.7.5,خدمات اسناد القتال
SO.7.5,شركاء منظومة الأمن والدفاع
SO.7.6,اسناد القتال
SO.7.6,التخطيط الاستراتيجي
SO.7.6,الهيئات
SO.7.6,خدمات اسناد القتال
SO.7.6,شركاء منظومة الأمن والدفاع
SO.7.7,الاستحواذ
SO.7.7,التخطيط الاستراتيجي
SO.7.7,تطوير القدرات والقوات
SO.7.7,شركاء منظومة الامن والدفاع
SO.8.1,قائد الطب العسكري الميداني
SO.8.1,مركز الملك عبدالله العالمي للأبحاث الطبية في الشؤون الصحية
SO.8.10,الاتصالات المؤسسية
SO.8.10,الشؤون الطبية
SO.8.10,الموارد البشرية
SO.8.10,قسم التخطيط الاستراتيجي
SO.8.10,موظفين المستشفيات ومراكز الرعاية الصحية الأولية
SO.8.100,المدن الطبية والجامعة و الابحاث و الخدمات الطبية المدنية والعسكرية
SO.8.11,الاتصالات المؤسسية
SO.8.11,الموارد البشرية
SO.8.11,مركز الملك عبدالله العالمي للأبحاث الطبية
SO.8.12,الموارد البشرية
SO.8.12,برنامج تحوّل القطاع الصحي
SO.8.12,مجلس الضمان الصحي التعاوني
SO.8.14,خدمات القوى العاملة والتخطيط
SO.8.14,شعبة الاستراتيجية والتخطيط بقسم تقنية المعلومات
SO.8.143,المراكز المتخصصة
SO.8.143,الموارد البشرية
SO.8.143,جميع مراكز الرعاية الصحية الأولية
SO.8.143,جميع مستشفيات ومدن الشؤون الصحية
SO.8.143,موظفين مراكز الرعاية الصحية الأولية
SO.8.144,برنامج تحول القطاع الصحي
SO.8.144,جميع مراكز الرعاية الصحية الأولية
SO.8.144,قسم تقنية المعلومات
SO.8.144,موظفين مراكز الرعاية الصحية الأولية
SO.8.144,وظيفة إدارة صحة المستفيدين
SO.8.145.1,برنامج تحول القطاع الصحي
SO.8.145.1,جميع مراكز الرعاية الصحية الأولية
SO.8.145.1,قسم تقنية المعلومات
SO.8.145.1,موظفين مراكز الرعاية الصحية الأولية
SO.8.145.1,وظيفة إدارة صحة المستفيدين
SO.8.145.2,الجهاز العسكري
SO.8.145.2,الخدمات الطبية
SO.8.145.2,الطب العسكري الميداني
SO.8.145.2,سلاح الاشارة
SO.8.145.2,مراكز الكوارث الوطنية
SO.8.146,الموارد البشرية
SO.8.146,برنامج تحول القطاع الصحي
SO.8.146,جميع مراكز الرعاية الصحية الأولية
SO.8.146,قسم تقنية المعلومات
SO.8.146,موظفين مراكز الرعاية الصحية الأولية
SO.8.146,وظيفة إدارة صحة المستفيدين
SO.8.147,الخدمات الطبية المدنية والعسكرية
SO.8.147,المدن الطبية
SO.8.15,استراتيجية الرعاية المتكاملة
SO.8.15,الجودة وسلامة المرضى
SO.8.15,المراكز المتخصصة
SO.8.15,مراكز الرعاية الأولية
SO.8.15,مستشفيات ومدن الشؤون الصحية
SO.8.17,قسم تقنية المعلومات
SO.8.19,الرعاية الصحية الأولية
SO.8.19,الشؤون الصحية
SO.8.19,المدن الطبية
SO.8.19,المدير العام
SO.8.19,المستشفيات والمرضى
SO.8.2,إدارة الخدمات المساندة
SO.8.2,إدارة المرافق
SO.8.2,البنية تحتية
SO.8.20,التجمعات الصحية
SO.8.20,الخدمات الطبية بوزارة الداخلية
SO.8.20,الخدمات الطبية بوزارة الدفاع
SO.8.20,الشؤون الصحية
SO.8.20,وزارة الصحة
SO.8.20,وزارة الصحة والمستشفيات الخاصة
SO.8.21,الشركاء المحتملين (مقدمي الخدمة)
SO.8.21,الشؤون الصحية لوزارة الحرس الوطني
SO.8.21,مستشفيات الشؤون الصحية
SO.8.22,الاتصالات المؤسسية
SO.8.22,الشؤون الطبية
SO.8.22,الموارد البشرية
SO.8.22,قسم التخطيط الاستراتيجي
SO.8.22,موظفين المستشفيات ومراكز الرعاية الصحية الأولية
SO.8.23,المستشفيات التابعة لوزارة الحرس الوطني في جميع المناطق
SO.8.24,A&R
SO.8.24,CHS and MHS
SO.8.24,المدن الطبية التابعة لوزارة الحرس الوطني
SO.8.26,البنية تحتية
SO.8.26,المدير التنفيذي للتشغيل في الشؤون الصحية
SO.8.26,وزارة المالية
SO.8.27,مركز الملك عبدالله للبحوث الطبية
SO.8.27,مكتب الاستراتيجية في الشؤون الصحية
SO.8.27,ورئيس الجامعة
SO.8.28,جميع اقسام الابحاث
SO.8.28,جميع اقسام الجامعة
SO.8.29,الأوساط الأكاديمية والبحوث
SO.8.29,مركز الأعمال
SO.8.29,وزارة المالية
SO.8.29,ومركز تنمية الإيرادات غير النفطية
SO.8.3,المجلس الصحي السعودي
SO.8.3,الموارد البشرية بالشؤون الصحية
SO.8.3,الموارد البشرية بالوزارة
SO.8.3,برنامج تحول القطاع الصحي
SO.8.3,سبل
SO.8.3,سدايا ( مركز المعلومات الوطني (
SO.8.3,شركة عِلم
SO.8.3,علاقات المرضى
SO.8.3,قسم تقنية المعلومات
SO.8.30,PHAP
SO.8.30,قسم المالية
SO.8.30,مركز الأعمال
SO.8.4,برنامج تحول القطاع الصحي
SO.8.4,جميع مراكز الرعاية الصحية الأولية
SO.8.4,قسم تقنية المعلومات
SO.8.4,موظفين الرعاية الأولية
SO.8.5,الموارد البشرية
SO.8.5,برنامج تحول القطاع الصحي
SO.8.5,قسم تقنية المعلومات
SO.8.5,مركز الملك عبدالله العالمي للأبحاث الطبية
SO.8.6,البنية تحتية
SO.8.6,الشؤون التشغيلية
SO.8.6,تحول القطاع الصحي
SO.8.6,جميع مراكز الرعاية الصحية الأولية
SO.8.7,البروتوكول الطبي
SO.8.7,الطاقم الطبي
SO.8.7,المراكز المتخصصة
SO.8.7,برنامج التحول القطاع الصحي
SO.8.7,مستشفيات الشؤون الصحية ومراكز الرعاية الصحية الأولية
SO.8.8,إدارة صحة المستفيدين
SO.8.8,المجلس الصحي السعودي
SO.8.8,علاقات المرضى
SO.8.9,الشؤون الطبية
SO.8.9,قسم تقنية المعلومات
SO.C.1.1,كافة جهات وزارة الحرس الوطني.
SO.C.1.2,كافة جهات وزارة الحرس الوطني.
SO.C.1.3,كافة جهات وزارة الحرس الوطني
SO.C.2,كافة منسوبي وزارة الحرس الوطني المشاركين في شبكة التغيير
SO.C.2.2,كافة منسوبي وزارة الحرس الوطني المشاركين في شبكة التغيير.
